Organisation Code,Organisation Name,All Procedures - Total HES Procedures,All Procedures - Total Pre-Op Qs,All Procedures - Participation Rate,All Procedures - Total Linked,All Procedures - Linkage rate,All Procedures - Total Q2s sent to date,All Procedures - Issue rate,All Procedures - Total Q2s returned to date,All Procedures - Response rate,Groin Hernia - Total HES Procedures,Groin Hernia - Total Pre-Op Qs,Groin Hernia - Participation Rate,Groin Hernia - Total Linked,Groin Hernia - Linkage rate,Groin Hernia - Total Q2s sent to date,Groin Hernia - Issue rate,Groin Hernia - Total Q2s returned to date,Groin Hernia - Response rate,Hip Replacement - Total HES Procedures,Hip Replacement - Total Pre-Op Qs,Hip Replacement - Participation Rate,Hip Replacement - Total Linked,Hip Replacement - Linkage rate,Hip Replacement - Total Q2s sent to date,Hip Replacement - Issue rate,Hip Replacement - Total Q2s returned to date,Hip Replacement - Response rate,Knee Replacement - Total HES Procedures,Knee Replacement - Total Pre-Op Qs,Knee Replacement - Participation Rate,Knee Replacement - Total Linked,Knee Replacement - Linkage rate,Knee Replacement - Total Q2s sent to date,Knee Replacement - Issue rate,Knee Replacement - Total Q2s returned to date,Knee Replacement - Response rate,Varicose Vein - Total HES Procedures,Varicose Vein - Total Pre-Op Qs,Varicose Vein - Participation Rate,Varicose Vein - Total Linked,Varicose Vein - Linkage rate,Varicose Vein - Total Q2s sent to date,Varicose Vein - Issue rate,Varicose Vein - Total Q2s returned to date,Varicose Vein - Response rate
England,ENGLAND,264120,198984,0.7533848,152650,0.7671471,192875,0.969299,139028,0.7208192,69222,39706,0.5736038,28750,0.7240719,39030,0.9829749,24812,0.6357161,77159,67076,0.8693218,55028,0.8203828,64834,0.9665752,49747,0.767298,84300,81240,0.9637011,59603,0.7336657,78365,0.964611,58697,0.7490206,33439,10962,0.3278208,9269,0.8455574,10646,0.9711731,5772,0.5421755
REM,AINTREE UNIVERSITY HOSPITAL NHS FOUNDATION TRUST,1174,734,0.6252129,467,0.6362398,729,0.993188,425,0.5829904,317,219,0.6908517,140,0.6392694,218,0.9954338,120,0.5504587,290,237,0.8172414,166,0.7004219,237,1,134,0.5654008,321,278,0.8660436,161,0.5791367,274,0.9856115,171,0.6240876,246,*,*,0,*,*,*,0,*
RCF,AIREDALE NHS FOUNDATION TRUST,811,737,0.9087546,640,0.8683853,735,0.9972863,539,0.7333333,183,196,1.0710383,175,0.8928571,196,1,127,0.6479592,225,247,1.0977778,204,0.8259109,245,0.9919028,191,0.7795918,227,241,1.061674,210,0.8713693,241,1,199,0.8257261,176,53,0.3011364,51,0.9622642,53,1,22,0.4150943
RBS,ALDER HEY CHILDREN'S NHS FOUNDATION TRUST,12,0,0,0,0,0,0,0,0,12,0,0,0,0,0,0,0,0,0,0,0,0,0,0,0,0,0,0,0,0,0,0,0,0,0,0,0,0,0,0,0,0,0,0,0
RTK,ASHFORD AND ST PETER'S HOSPITALS NHS FOUNDATION TRUST,1616,1450,0.8972772,1033,0.7124138,1205,0.8310345,813,0.6746888,356,277,0.7780899,163,0.5884477,212,0.765343,130,0.6132075,391,418,1.0690537,319,0.7631579,364,0.8708134,270,0.7417582,502,626,1.247012,457,0.7300319,516,0.8242812,355,0.6879845,367,129,0.3514986,94,0.7286822,113,0.875969,58,0.5132743
NVC01,ASHTEAD HOSPITAL,315,292,0.9269841,234,0.8013699,291,0.9965753,235,0.8075601,66,49,0.7424242,43,0.877551,49,1,36,0.7346939,112,119,1.0625,104,0.8739496,119,1,99,0.8319328,63,96,1.5238095,60,0.625,96,1,80,0.8333333,74,28,0.3783784,27,0.9642857,27,0.9642857,20,0.7407407
NYW04,ASPEN - CLAREMONT HOSPITAL,494,154,0.3117409,0,0,1,0.0064935,0,0,115,0,0,0,0,0,0,0,0,166,44,0.2650602,0,0,0,0,0,0,213,110,0.5164319,0,0,1,0.0090909,0,0,0,0,0,0,0,0,0,0,0
NYW03,ASPEN - HIGHGATE HOSPITAL,37,0,0,0,0,0,0,0,0,27,0,0,0,0,0,0,0,0,*,0,*,0,0,0,0,0,0,10,*,*,0,*,*,*,0,*,0,0,0,0,0,0,0,0,0
NYW02,ASPEN - PARKSIDE HOSPITAL,14,0,0,0,0,0,0,0,0,*,0,*,0,0,0,0,0,0,7,*,*,0,*,0,*,0,*,7,*,*,0,*,0,*,0,*,0,0,0,0,0,0,0,0,0
NYW01,ASPEN - THE HOLLY,207,125,0.6038647,1,0.008,2,0.016,1,0.5,110,24,0.2181818,0,0,1,0.0416667,0,0,48,52,1.0833333,0,0,0,0,0,0,49,49,1,1,0.0204082,1,0.0204082,1,1,0,0,0,0,0,0,0,0,0
RF4,"BARKING, HAVERING AND REDBRIDGE UNIVERSITY HOSPITALS NHS TRUST",1029,700,0.6802721,490,0.7,591,0.8442857,366,0.6192893,310,113,0.3645161,87,0.7699115,94,0.8318584,60,0.6382979,220,200,0.9090909,148,0.74,173,0.865,119,0.6878613,283,265,0.9363958,164,0.6188679,210,0.7924528,139,0.6619048,216,122,0.5648148,91,0.7459016,114,0.9344262,48,0.4210526
NTP13,BARLBOROUGH NHS TREATMENT CENTRE,1357,1823,1.3434046,1440,0.7899067,1816,0.9961602,1534,0.8447137,0,0,0,0,0,0,0,0,0,556,728,1.3093525,601,0.8255495,725,0.9958791,601,0.8289655,801,1095,1.3670412,839,0.76621,1091,0.996347,933,0.8551787,0,0,0,0,0,0,0,0,0
RVL,BARNET AND CHASE FARM HOSPITALS NHS TRUST,0,6,0,4,0.6666667,5,0.8333333,4,0.8,0,*,*,0,*,*,*,*,*,0,6,0,4,0.6666667,5,0.8333333,4,0.8,0,*,*,*,*,*,*,*,*,0,0,0,0,0,0,0,0,0
RFF,BARNSLEY HOSPITAL NHS FOUNDATION TRUST,825,599,0.7260606,491,0.8196995,596,0.9949917,429,0.7197987,245,127,0.5183673,92,0.7244094,127,1,81,0.6377953,180,155,0.8611111,140,0.9032258,155,1,123,0.7935484,302,270,0.8940397,234,0.8666667,267,0.9888889,204,0.7640449,98,47,0.4795918,25,0.5319149,47,1,21,0.4468085
R1H,BARTS HEALTH NHS TRUST,2397,1115,0.4651648,912,0.8179372,1109,0.9946188,639,0.5761948,580,167,0.287931,143,0.8562874,166,0.994012,76,0.4578313,397,301,0.7581864,258,0.8571429,300,0.9966777,187,0.6233333,679,557,0.820324,435,0.7809695,554,0.994614,337,0.6083032,741,90,0.1214575,76,0.8444444,89,0.9888889,39,0.4382022
RDD,BASILDON AND THURROCK UNIVERSITY HOSPITALS NHS FOUNDATION TRUST,958,742,0.7745303,587,0.7911051,741,0.9986523,494,0.6666667,367,151,0.4114441,135,0.8940397,150,0.9933775,99,0.66,243,260,1.0699588,203,0.7807692,260,1,176,0.6769231,298,324,1.0872483,243,0.75,324,1,213,0.6574074,50,7,0.14,6,0.8571429,7,1,6,0.8571429
RC1,BEDFORD HOSPITAL NHS TRUST,908,582,0.6409692,434,0.7457045,580,0.9965636,397,0.6844828,254,97,0.3818898,74,0.7628866,97,1,63,0.6494845,235,189,0.8042553,135,0.7142857,189,1,142,0.7513228,246,186,0.7560976,122,0.655914,185,0.9946237,129,0.6972973,173,110,0.6358382,103,0.9363636,109,0.9909091,63,0.5779817
NWF01,BENENDEN HOSPITAL,493,438,0.8884381,352,0.803653,436,0.9954338,382,0.8761468,49,0,0,0,0,0,0,0,0,186,168,0.9032258,145,0.8630952,167,0.9940476,140,0.8383234,258,270,1.0465116,207,0.7666667,269,0.9962963,242,0.8996283,0,0,0,0,0,0,0,0,0
NWX11,BICS-COMMUNITY,347,0,0,0,0,0,0,0,0,0,0,0,0,0,0,0,0,0,213,0,0,0,0,0,0,0,0,134,0,0,0,0,0,0,0,0,0,0,0,0,0,0,0,0,0
RQ3,BIRMINGHAM WOMEN'S AND CHILDREN'S NHS FOUNDATION TRUST,10,0,0,0,0,0,0,0,0,10,0,0,0,0,0,0,0,0,0,0,0,0,0,0,0,0,0,0,0,0,0,0,0,0,0,0,0,0,0,0,0,0,0,0,0
RXL,BLACKPOOL TEACHING HOSPITALS NHS FOUNDATION TRUST,1208,197,0.1630795,157,0.7969543,92,0.4670051,81,0.8804348,275,22,0.08,17,0.7727273,11,0.5,9,0.8181818,317,73,0.2302839,58,0.7945205,39,0.5342466,34,0.8717949,373,90,0.2412869,73,0.8111111,42,0.4666667,38,0.9047619,243,12,0.0493827,9,0.75,0,0,0,0
NVC31,BLAKELANDS HOSPITAL,55,26,0.4727273,24,0.9230769,26,1,12,0.4615385,55,26,0.4727273,24,0.9230769,26,1,12,0.4615385,0,0,0,0,0,0,0,0,0,0,0,0,0,0,0,0,0,0,0,0,0,0,0,0,0,0,0
NT402,BMI - BATH CLINIC,351,231,0.6581197,221,0.95671,230,0.995671,190,0.826087,95,26,0.2736842,22,0.8461538,26,1,21,0.8076923,139,109,0.7841727,106,0.9724771,108,0.9908257,92,0.8518519,117,96,0.8205128,93,0.96875,96,1,77,0.8020833,0,0,0,0,0,0,0,0,0
NT405,BMI - BISHOPS WOOD,163,143,0.8773006,104,0.7272727,143,1,109,0.7622378,86,81,0.9418605,61,0.7530864,81,1,56,0.691358,25,11,0.44,10,0.9090909,11,1,10,0.9090909,52,51,0.9807692,33,0.6470588,51,1,43,0.8431373,0,0,0,0,0,0,0,0,0
NT409,BMI - CHELSFIELD PARK HOSPITAL,74,55,0.7432432,28,0.5090909,55,1,40,0.7272727,38,21,0.5526316,7,0.3333333,21,1,15,0.7142857,11,9,0.8181818,4,0.4444444,9,1,7,0.7777778,25,25,1,17,0.68,25,1,18,0.72,0,0,0,0,0,0,0,0,0
NT414,BMI - FAWKHAM MANOR HOSPITAL,143,99,0.6923077,95,0.959596,99,1,77,0.7777778,65,47,0.7230769,45,0.9574468,47,1,35,0.7446809,30,17,0.5666667,16,0.9411765,17,1,15,0.8823529,48,35,0.7291667,34,0.9714286,35,1,27,0.7714286,0,0,0,0,0,0,0,0,0
NT417,BMI - GORING HALL HOSPITAL,570,542,0.9508772,429,0.7915129,542,1,443,0.8173432,95,81,0.8526316,57,0.7037037,81,1,59,0.7283951,223,196,0.8789238,173,0.8826531,196,1,165,0.8418367,252,265,1.0515873,199,0.7509434,265,1,219,0.8264151,0,0,0,0,0,0,0,0,0
NT416,BMI - HENDON HOSPITAL,45,25,0.5555556,12,0.48,25,1,18,0.72,10,*,*,*,*,*,*,*,*,13,9,0.6923077,4,0.4444444,9,1,4,0.4444444,22,16,0.7272727,8,0.5,16,1,14,0.875,0,0,0,0,0,0,0,0,0
NT433,BMI - SARUM ROAD HOSPITAL,136,114,0.8382353,96,0.8421053,113,0.9912281,99,0.8761062,15,*,*,*,*,*,*,*,*,79,69,0.8734177,62,0.8985507,68,0.9855072,62,0.9117647,42,45,1.0714286,34,0.7555556,45,1,37,0.8222222,0,0,0,0,0,0,0,0,0
NT436,BMI - SHIRLEY OAKS HOSPITAL,130,227,1.7461538,104,0.4581498,226,0.9955947,123,0.5442478,63,72,1.1428571,44,0.6111111,71,0.9861111,40,0.5633803,21,39,1.8571429,26,0.6666667,39,1,25,0.6410256,24,100,4.1666667,22,0.22,100,1,51,0.51,22,16,0.7272727,12,0.75,16,1,7,0.4375
NT401,BMI - THE ALEXANDRA HOSPITAL,751,333,0.4434088,268,0.8048048,331,0.993994,250,0.755287,288,51,0.1770833,34,0.6666667,51,1,36,0.7058824,214,133,0.6214953,113,0.8496241,132,0.9924812,111,0.8409091,249,149,0.5983936,121,0.8120805,148,0.9932886,103,0.6959459,0,0,0,0,0,0,0,0,0
NT403,BMI - THE BEARDWOOD HOSPITAL,238,232,0.9747899,192,0.8275862,232,1,156,0.6724138,64,85,1.328125,58,0.6823529,85,1,48,0.5647059,78,67,0.8589744,62,0.9253731,67,1,49,0.7313433,96,80,0.8333333,72,0.9,80,1,59,0.7375,0,0,0,0,0,0,0,0,0
NT404,BMI - THE BEAUMONT HOSPITAL,314,286,0.910828,245,0.8566434,285,0.9965035,211,0.7403509,151,117,0.7748344,106,0.9059829,116,0.991453,78,0.6724138,63,63,1,54,0.8571429,63,1,51,0.8095238,100,106,1.06,85,0.8018868,106,1,82,0.7735849,0,0,0,0,0,0,0,0,0
NT406,BMI - THE BLACKHEATH HOSPITAL,74,31,0.4189189,21,0.6774194,31,1,22,0.7096774,40,8,0.2,5,0.625,8,1,6,0.75,15,8,0.5333333,7,0.875,8,1,8,1,19,15,0.7894737,9,0.6,15,1,8,0.5333333,0,0,0,0,0,0,0,0,0
NT408,BMI - THE CHAUCER HOSPITAL,140,106,0.7571429,76,0.7169811,106,1,73,0.6886792,107,76,0.7102804,54,0.7105263,76,1,52,0.6842105,13,16,1.2307692,12,0.75,16,1,11,0.6875,20,14,0.7,10,0.7142857,14,1,10,0.7142857,0,0,0,0,0,0,0,0,0
NT410,BMI - THE CHILTERN HOSPITAL,299,325,1.0869565,269,0.8276923,325,1,233,0.7169231,114,127,1.1140351,85,0.6692913,127,1,80,0.6299213,91,95,1.043956,91,0.9578947,95,1,79,0.8315789,94,103,1.0957447,93,0.9029126,103,1,74,0.7184466,0,0,0,0,0,0,0,0,0
NT411,BMI - THE CLEMENTINE CHURCHILL HOSPITAL,244,101,0.4139344,83,0.8217822,101,1,64,0.6336634,110,25,0.2272727,17,0.68,25,1,12,0.48,30,22,0.7333333,16,0.7272727,22,1,14,0.6363636,104,54,0.5192308,50,0.9259259,54,1,38,0.7037037,0,0,0,0,0,0,0,0,0
NT412,BMI - THE DROITWICH SPA HOSPITAL,492,450,0.9146341,321,0.7133333,449,0.9977778,334,0.7438753,149,95,0.6375839,70,0.7368421,95,1,66,0.6947368,127,143,1.1259843,112,0.7832168,143,1,114,0.7972028,184,212,1.1521739,139,0.6556604,211,0.995283,154,0.7298578,32,0,0,0,0,0,0,0,0
NT413,BMI - THE ESPERANCE HOSPITAL,124,157,1.266129,126,0.8025478,156,0.9936306,113,0.724359,59,75,1.2711864,56,0.7466667,75,1,51,0.68,41,46,1.1219512,43,0.9347826,46,1,36,0.7826087,24,36,1.5,27,0.75,35,0.9722222,26,0.7428571,0,0,0,0,0,0,0,0,0
NT418,BMI - THE HAMPSHIRE CLINIC,192,197,1.0260417,156,0.7918782,195,0.9898477,148,0.7589744,68,68,1,49,0.7205882,67,0.9852941,42,0.6268657,71,63,0.8873239,61,0.968254,63,1,52,0.8253968,53,66,1.245283,46,0.6969697,65,0.9848485,54,0.8307692,0,0,0,0,0,0,0,0,0
NT419,BMI - THE HARBOUR HOSPITAL,227,206,0.907489,188,0.9126214,206,1,146,0.7087379,177,158,0.8926554,146,0.9240506,158,1,104,0.6582278,21,20,0.952381,17,0.85,20,1,16,0.8,29,28,0.9655172,25,0.8928571,28,1,26,0.9285714,0,0,0,0,0,0,0,0,0
NT420,BMI - THE HIGHFIELD HOSPITAL,637,454,0.7127159,336,0.7400881,454,1,360,0.7929515,213,31,0.1455399,19,0.6129032,31,1,21,0.6774194,152,144,0.9473684,120,0.8333333,144,1,114,0.7916667,272,279,1.0257353,197,0.7060932,279,1,225,0.8064516,0,0,0,0,0,0,0,0,0
NT421,BMI - THE KINGS OAK HOSPITAL,101,104,1.029703,56,0.5384615,104,1,76,0.7307692,16,11,0.6875,3,0.2727273,11,1,7,0.6363636,28,33,1.1785714,17,0.5151515,33,1,31,0.9393939,57,60,1.0526316,36,0.6,60,1,38,0.6333333,0,*,*,0,*,*,*,*,*
NT422,BMI - THE LONDON INDEPENDENT HOSPITAL,152,86,0.5657895,48,0.5581395,86,1,43,0.5,104,35,0.3365385,23,0.6571429,35,1,15,0.4285714,24,21,0.875,13,0.6190476,21,1,12,0.5714286,24,30,1.25,12,0.4,30,1,16,0.5333333,0,0,0,0,0,0,0,0,0
NT423,BMI - THE MANOR HOSPITAL,169,163,0.964497,140,0.8588957,162,0.993865,133,0.8209877,44,40,0.9090909,33,0.825,40,1,32,0.8,62,58,0.9354839,49,0.8448276,57,0.9827586,46,0.8070175,63,65,1.031746,58,0.8923077,65,1,55,0.8461538,0,0,0,0,0,0,0,0,0
NT424,BMI - THE MERIDEN HOSPITAL,578,427,0.7387543,330,0.7728337,425,0.9953162,320,0.7529412,125,52,0.416,34,0.6538462,52,1,34,0.6538462,156,122,0.7820513,113,0.9262295,122,1,99,0.8114754,297,253,0.8518519,183,0.7233202,251,0.9920949,187,0.7450199,0,0,0,0,0,0,0,0,0
NT427,BMI - THE PARK HOSPITAL,328,261,0.7957317,221,0.8467433,261,1,202,0.7739464,78,44,0.5641026,31,0.7045455,44,1,29,0.6590909,94,72,0.7659574,65,0.9027778,72,1,55,0.7638889,156,145,0.9294872,125,0.862069,145,1,118,0.8137931,0,0,0,0,0,0,0,0,0
NT428,BMI - THE PRINCESS MARGARET HOSPITAL,95,47,0.4947368,38,0.8085106,47,1,31,0.6595745,39,20,0.5128205,14,0.7,20,1,12,0.6,17,10,0.5882353,9,0.9,10,1,6,0.6,39,17,0.4358974,15,0.8823529,17,1,13,0.7647059,0,0,0,0,0,0,0,0,0
NT429,BMI - THE PRIORY HOSPITAL,167,111,0.6646707,73,0.6576577,111,1,77,0.6936937,43,0,0,0,0,0,0,0,0,67,43,0.641791,40,0.9302326,43,1,31,0.7209302,57,68,1.1929825,33,0.4852941,68,1,46,0.6764706,0,0,0,0,0,0,0,0,0
NT430,BMI - THE RIDGEWAY HOSPITAL,363,465,1.2809917,316,0.6795699,463,0.9956989,350,0.7559395,135,173,1.2814815,107,0.6184971,173,1,109,0.6300578,113,117,1.0353982,103,0.8803419,117,1,95,0.8119658,115,175,1.5217391,106,0.6057143,173,0.9885714,146,0.8439306,0,0,0,0,0,0,0,0,0
NT431,BMI - THE RUNNYMEDE HOSPITAL,129,85,0.6589147,79,0.9294118,84,0.9882353,63,0.75,49,17,0.3469388,17,1,17,1,11,0.6470588,36,33,0.9166667,30,0.9090909,32,0.969697,24,0.75,44,35,0.7954545,32,0.9142857,35,1,28,0.8,0,0,0,0,0,0,0,0,0
NT432,BMI - THE SANDRINGHAM HOSPITAL,345,424,1.2289855,293,0.6910377,424,1,337,0.7948113,91,107,1.1758242,65,0.6074766,107,1,74,0.6915888,130,132,1.0153846,121,0.9166667,132,1,116,0.8787879,124,185,1.4919355,107,0.5783784,185,1,147,0.7945946,0,0,0,0,0,0,0,0,0
NT434,BMI - THE SAXON CLINIC,158,160,1.0126582,118,0.7375,160,1,113,0.70625,70,46,0.6571429,42,0.9130435,46,1,29,0.6304348,51,56,1.0980392,45,0.8035714,56,1,41,0.7321429,37,58,1.5675676,31,0.5344828,58,1,43,0.7413793,0,0,0,0,0,0,0,0,0
NT435,BMI - THE SHELBURNE HOSPITAL,130,139,1.0692308,115,0.8273381,138,0.9928058,114,0.826087,23,32,1.3913043,15,0.46875,31,0.96875,23,0.7419355,52,50,0.9615385,47,0.94,50,1,42,0.84,55,57,1.0363636,53,0.9298246,57,1,49,0.8596491,0,0,0,0,0,0,0,0,0
NT437,BMI - THE SLOANE HOSPITAL,27,30,1.1111111,20,0.6666667,30,1,21,0.7,0,0,0,0,0,0,0,0,0,10,9,0.9,9,1,9,1,7,0.7777778,17,21,1.2352941,11,0.5238095,21,1,14,0.6666667,0,0,0,0,0,0,0,0,0
NT438,BMI - THE SOMERFIELD HOSPITAL,183,248,1.3551913,164,0.6612903,248,1,163,0.6572581,81,109,1.345679,61,0.559633,109,1,61,0.559633,41,54,1.3170732,40,0.7407407,54,1,37,0.6851852,61,85,1.3934426,63,0.7411765,85,1,65,0.7647059,0,0,0,0,0,0,0,0,0
NT439,BMI - THE SOUTH CHESHIRE PRIVATE HOSPITAL,194,187,0.9639175,149,0.7967914,187,1,135,0.7219251,99,100,1.010101,68,0.68,100,1,60,0.6,48,41,0.8541667,40,0.9756098,41,1,34,0.8292683,47,46,0.9787234,41,0.8913043,46,1,41,0.8913043,0,0,0,0,0,0,0,0,0
NT443,BMI - THE WINTERBOURNE HOSPITAL,468,463,0.9893162,330,0.712743,463,1,339,0.7321814,201,143,0.7114428,106,0.7412587,143,1,101,0.7062937,127,118,0.9291339,111,0.940678,118,1,101,0.8559322,140,202,1.4428571,113,0.5594059,202,1,137,0.6782178,0,0,0,0,0,0,0,0,0
NT440,BMI - THORNBURY HOSPITAL,264,305,1.155303,227,0.7442623,304,0.9967213,211,0.6940789,53,66,1.245283,35,0.530303,66,1,37,0.5606061,111,113,1.018018,103,0.9115044,112,0.9911504,77,0.6875,100,126,1.26,89,0.7063492,126,1,97,0.7698413,0,0,0,0,0,0,0,0,0
NT441,BMI - THREE SHIRES HOSPITAL,592,367,0.6199324,278,0.7574932,367,1,287,0.7820163,208,63,0.3028846,38,0.6031746,63,1,41,0.6507937,168,129,0.7678571,106,0.8217054,129,1,103,0.7984496,216,175,0.8101852,134,0.7657143,175,1,143,0.8171429,0,0,0,0,0,0,0,0,0
NT497,BMI GISBURNE PARK HOSPITAL,265,225,0.8490566,184,0.8177778,224,0.9955556,167,0.7455357,87,52,0.5977011,37,0.7115385,52,1,32,0.6153846,63,65,1.031746,56,0.8615385,65,1,48,0.7384615,115,108,0.9391304,91,0.8425926,107,0.9907407,87,0.8130841,0,0,0,0,0,0,0,0,0
NT455,BMI MOUNT ALVERNIA HOSPITAL,31,72,2.3225806,33,0.4583333,72,1,46,0.6388889,20,49,2.45,18,0.3673469,49,1,31,0.6326531,11,12,1.0909091,11,0.9166667,12,1,10,0.8333333,*,11,*,4,0.3636364,11,1,5,0.4545455,0,0,0,0,0,0,0,0,0
NT490,BMI SOUTHEND PRIVATE HOSPITAL,14,14,1,12,0.8571429,13,0.9285714,7,0.5384615,*,*,*,*,*,*,*,*,*,0,0,0,0,0,0,0,0,0,0,0,0,0,0,0,0,0,0,14,14,1,12,0.8571429,13,0.9285714,7,0.5384615
NT446,BMI ST EDMUNDS HOSPITAL,240,230,0.9583333,187,0.8130435,229,0.9956522,196,0.8558952,76,50,0.6578947,36,0.72,49,0.98,37,0.755102,86,87,1.0116279,84,0.9655172,87,1,79,0.908046,78,93,1.1923077,67,0.7204301,93,1,80,0.8602151,0,0,0,0,0,0,0,0,0
NT451,BMI THE CAVELL HOSPITAL,228,197,0.8640351,112,0.5685279,196,0.9949239,145,0.7397959,80,35,0.4375,23,0.6571429,35,1,20,0.5714286,72,74,1.0277778,44,0.5945946,74,1,64,0.8648649,76,88,1.1578947,45,0.5113636,87,0.9886364,61,0.7011494,0,*,*,0,*,*,*,*,*
NT447,BMI THE DUCHY HOSPITAL,146,146,1,108,0.739726,145,0.9931507,128,0.8827586,31,24,0.7741935,20,0.8333333,24,1,20,0.8333333,65,57,0.8769231,50,0.877193,56,0.9824561,47,0.8392857,50,65,1.3,38,0.5846154,65,1,61,0.9384615,0,0,0,0,0,0,0,0,0
NT445,BMI THE EDGBASTON HOSPITAL,177,240,1.3559322,162,0.675,240,1,169,0.7041667,54,81,1.5,48,0.5925926,81,1,47,0.5802469,51,69,1.3529412,49,0.7101449,69,1,54,0.7826087,72,90,1.25,65,0.7222222,90,1,68,0.7555556,0,0,0,0,0,0,0,0,0
NT448,BMI THE HUDDERSFIELD HOSPITAL,488,237,0.4856557,187,0.7890295,237,1,183,0.7721519,180,82,0.4555556,56,0.6829268,82,1,53,0.6463415,119,75,0.6302521,68,0.9066667,75,1,64,0.8533333,189,80,0.4232804,63,0.7875,80,1,66,0.825,0,0,0,0,0,0,0,0,0
NT449,BMI THE LANCASTER HOSPITAL,155,224,1.4451613,129,0.5758929,224,1,170,0.7589286,21,13,0.6190476,9,0.6923077,13,1,9,0.6923077,61,93,1.5245902,51,0.5483871,93,1,72,0.7741935,73,118,1.6164384,69,0.5847458,118,1,89,0.7542373,0,0,0,0,0,0,0,0,0
NT450,BMI THE LINCOLN HOSPITAL,379,395,1.0422164,343,0.8683544,394,0.9974684,310,0.786802,101,94,0.9306931,86,0.9148936,94,1,63,0.6702128,116,122,1.0517241,113,0.9262295,122,1,103,0.8442623,162,179,1.1049383,144,0.8044693,178,0.9944134,144,0.8089888,0,0,0,0,0,0,0,0,0
NT457,BMI WOODLANDS HOSPITAL,705,364,0.5163121,328,0.9010989,362,0.9945055,282,0.7790055,125,59,0.472,51,0.8644068,58,0.9830508,40,0.6896552,226,133,0.5884956,123,0.924812,133,1,114,0.8571429,292,172,0.5890411,154,0.8953488,171,0.994186,128,0.748538,62,*,*,*,*,*,*,*,*
NVC24,BODMIN NHS TREATMENT CENTRE,228,104,0.4561404,81,0.7788462,103,0.9903846,73,0.7087379,228,104,0.4561404,81,0.7788462,103,0.9903846,73,0.7087379,0,0,0,0,0,0,0,0,0,0,0,0,0,0,0,0,0,0,0,0,0,0,0,0,0,0,0
RMC,BOLTON NHS FOUNDATION TRUST,798,486,0.6090226,386,0.7942387,484,0.9958848,325,0.6714876,295,164,0.5559322,114,0.695122,164,1,90,0.5487805,197,123,0.6243655,106,0.8617886,122,0.9918699,94,0.7704918,211,159,0.7535545,128,0.8050314,158,0.9937107,113,0.7151899,95,40,0.4210526,38,0.95,40,1,28,0.7
NVC27,BOSTON WEST HOSPITAL,138,102,0.7391304,86,0.8431373,102,1,66,0.6470588,68,58,0.8529412,46,0.7931034,58,1,42,0.7241379,0,0,0,0,0,0,0,0,0,0,0,0,0,0,0,0,0,0,70,44,0.6285714,40,0.9090909,44,1,24,0.5454545
RAE,BRADFORD TEACHING HOSPITALS NHS FOUNDATION TRUST,1043,526,0.5043145,448,0.851711,514,0.9771863,356,0.692607,243,112,0.4609053,91,0.8125,111,0.9910714,60,0.5405405,208,117,0.5625,103,0.8803419,113,0.965812,89,0.7876106,334,229,0.6856287,191,0.8340611,224,0.9781659,170,0.7589286,258,68,0.2635659,63,0.9264706,66,0.9705882,37,0.5606061
NNQ01,BRAINTREE COMMUNITY HOSPITAL,0,10,0,0,0,10,1,5,0.5,0,10,0,0,0,10,1,5,0.5,0,0,0,0,0,0,0,0,0,0,0,0,0,0,0,0,0,0,0,0,0,0,0,0,0,0,0
RXH,BRIGHTON AND SUSSEX UNIVERSITY HOSPITALS NHS TRUST,1766,1594,0.9026048,1276,0.8005019,1577,0.989335,1072,0.6797717,420,326,0.7761905,273,0.8374233,323,0.9907975,209,0.6470588,462,449,0.9718615,366,0.8151448,444,0.9888641,318,0.7162162,578,620,1.0726644,458,0.7387097,616,0.9935484,429,0.6964286,306,199,0.6503268,179,0.8994975,194,0.9748744,116,0.5979381
RXQ,BUCKINGHAMSHIRE HEALTHCARE NHS TRUST,1455,584,0.4013746,420,0.7191781,582,0.9965753,414,0.7113402,390,210,0.5384615,155,0.7380952,210,1,151,0.7190476,344,134,0.3895349,94,0.7014925,133,0.9925373,98,0.7368421,410,160,0.3902439,112,0.7,160,1,118,0.7375,311,80,0.2572347,59,0.7375,79,0.9875,47,0.5949367
RJF,BURTON HOSPITALS NHS FOUNDATION TRUST,1024,861,0.8408203,574,0.6666667,859,0.9976771,652,0.7590221,421,203,0.4821853,169,0.8325123,203,1,137,0.6748768,254,271,1.0669291,181,0.6678967,270,0.99631,207,0.7666667,310,387,1.2483871,224,0.5788114,386,0.997416,308,0.7979275,39,*,*,*,*,*,*,*,*
RWY,CALDERDALE AND HUDDERSFIELD NHS FOUNDATION TRUST,1575,1262,0.8012698,1154,0.9144216,1254,0.9936609,927,0.7392344,303,224,0.7392739,193,0.8616071,224,1,150,0.6696429,504,413,0.8194444,388,0.9394673,413,1,332,0.8038741,491,456,0.9287169,406,0.8903509,454,0.995614,349,0.7687225,277,169,0.6101083,167,0.9881657,163,0.964497,96,0.5889571
RGT,CAMBRIDGE UNIVERSITY HOSPITALS NHS FOUNDATION TRUST,1233,1087,0.8815896,826,0.7598896,1083,0.9963201,755,0.6971376,438,221,0.5045662,204,0.9230769,220,0.9954751,145,0.6590909,394,364,0.9238579,306,0.8406593,363,0.9972527,271,0.7465565,340,385,1.1323529,273,0.7090909,383,0.9948052,262,0.6840731,61,117,1.9180328,43,0.3675214,117,1,77,0.6581197
RW3,CENTRAL MANCHESTER UNIVERSITY HOSPITALS NHS FOUNDATION TRUST,1196,469,0.3921405,232,0.4946695,467,0.9957356,244,0.5224839,364,177,0.4862637,96,0.5423729,176,0.9943503,79,0.4488636,210,139,0.6619048,59,0.4244604,139,1,80,0.5755396,310,153,0.4935484,77,0.503268,152,0.9934641,85,0.5592105,312,*,*,*,*,*,*,*,*
RQM,CHELSEA AND WESTMINSTER HOSPITAL NHS FOUNDATION TRUST,1234,33,0.0267423,19,0.5757576,32,0.969697,16,0.5,499,21,0.0420842,12,0.5714286,20,0.952381,7,0.35,269,*,*,*,*,*,*,*,*,334,12,0.0359281,7,0.5833333,12,1,9,0.75,132,*,*,*,*,*,*,*,*
RFS,CHESTERFIELD ROYAL HOSPITAL NHS FOUNDATION TRUST,1012,940,0.9288538,809,0.8606383,937,0.9968085,691,0.73746,287,215,0.7491289,192,0.8930233,214,0.9953488,155,0.7242991,233,243,1.0429185,217,0.8930041,243,1,193,0.7942387,425,425,1,349,0.8211765,424,0.9976471,314,0.740566,67,57,0.8507463,51,0.8947368,56,0.9824561,29,0.5178571
NV313,CIRCLE - NOTTINGHAM NHS TREATMENT CENTRE,1017,766,0.7531957,609,0.7950392,764,0.997389,527,0.6897906,444,446,1.0045045,319,0.7152466,446,1,278,0.6233184,108,85,0.787037,77,0.9058824,85,1,75,0.8823529,144,122,0.8472222,109,0.8934426,121,0.9918033,104,0.8595041,321,113,0.3520249,104,0.920354,112,0.9911504,70,0.625
NV302,CIRCLE BATH HOSPITAL,838,854,1.0190931,648,0.7587822,853,0.998829,691,0.8100821,160,106,0.6625,79,0.745283,106,1,73,0.6886792,343,320,0.9329446,295,0.921875,320,1,264,0.825,272,386,1.4191176,236,0.611399,385,0.9974093,327,0.8493506,63,42,0.6666667,38,0.9047619,42,1,27,0.6428571
NV323,CIRCLE READING HOSPITAL,428,380,0.8878505,294,0.7736842,379,0.9973684,292,0.7704485,135,100,0.7407407,60,0.6,100,1,59,0.59,162,141,0.8703704,128,0.9078014,141,1,122,0.8652482,131,139,1.0610687,106,0.7625899,138,0.9928058,111,0.8043478,0,0,0,0,0,0,0,0,0
NTPH4,CIRENCESTER NHS TREATMENT CENTRE,100,75,0.75,73,0.9733333,75,1,52,0.6933333,72,51,0.7083333,50,0.9803922,51,1,39,0.7647059,0,0,0,0,0,0,0,0,0,0,0,0,0,0,0,0,0,0,28,24,0.8571429,23,0.9583333,24,1,13,0.5416667
RLN,CITY HOSPITALS SUNDERLAND NHS FOUNDATION TRUST,2209,1179,0.5337257,943,0.7998304,1171,0.9932146,733,0.6259607,337,268,0.7952522,150,0.5597015,267,0.9962687,152,0.5692884,430,231,0.5372093,196,0.8484848,230,0.995671,157,0.6826087,568,374,0.6584507,308,0.8235294,372,0.9946524,265,0.7123656,874,306,0.3501144,289,0.9444444,302,0.9869281,159,0.5264901
NVC28,CLIFTON PARK HOSPITAL,768,809,1.0533854,675,0.8343634,806,0.9962917,684,0.8486352,0,0,0,0,0,0,0,0,0,389,373,0.9588689,353,0.9463807,373,1,323,0.8659517,379,436,1.1503958,322,0.7385321,433,0.9931193,361,0.8337182,0,0,0,0,0,0,0,0,0
NVC29,COBALT HOSPITAL,153,107,0.6993464,102,0.953271,107,1,66,0.6168224,105,84,0.8,79,0.9404762,84,1,54,0.6428571,0,0,0,0,0,0,0,0,0,0,0,0,0,0,0,0,0,0,48,23,0.4791667,23,1,23,1,12,0.5217391
NVM01,COBHAM DAY SURGERY HOSPITAL,0,0,0,0,0,0,0,0,0,0,*,*,0,*,*,*,*,*,0,0,0,0,0,0,0,0,0,0,0,0,0,0,0,0,0,0,0,*,*,0,*,*,*,*,*
RDE,COLCHESTER HOSPITAL UNIVERSITY NHS FOUNDATION TRUST,1511,622,0.4116479,476,0.7652733,622,1,456,0.733119,425,139,0.3270588,74,0.5323741,139,1,93,0.6690647,451,232,0.5144124,194,0.8362069,232,1,173,0.7456897,499,245,0.490982,202,0.8244898,245,1,187,0.7632653,136,6,0.0441176,6,1,6,1,3,0.5
RJR,COUNTESS OF CHESTER HOSPITAL NHS FOUNDATION TRUST,591,487,0.8240271,405,0.8316222,437,0.8973306,323,0.7391304,286,189,0.6608392,154,0.8148148,157,0.8306878,108,0.6878981,134,151,1.1268657,123,0.8145695,139,0.9205298,111,0.7985612,116,119,1.0258621,101,0.8487395,116,0.9747899,90,0.7758621,55,28,0.5090909,27,0.9642857,25,0.8928571,14,0.56
RXP,COUNTY DURHAM AND DARLINGTON NHS FOUNDATION TRUST,2064,1320,0.6395349,905,0.6856061,1316,0.9969697,850,0.6458967,602,408,0.6777409,244,0.5980392,407,0.997549,232,0.5700246,477,372,0.7798742,272,0.7311828,371,0.9973118,249,0.671159,611,518,0.8477905,372,0.7181467,516,0.996139,356,0.6899225,374,22,0.0588235,17,0.7727273,22,1,13,0.5909091
RJ6,CROYDON HEALTH SERVICES NHS TRUST,448,33,0.0736607,26,0.7878788,31,0.9393939,14,0.4516129,338,7,0.0207101,4,0.5714286,7,1,4,0.5714286,0,0,0,0,0,0,0,0,0,*,0,*,0,0,0,0,0,0,110,26,0.2363636,22,0.8461538,24,0.9230769,10,0.4166667
RN7,DARTFORD AND GRAVESHAM NHS TRUST,1668,1427,0.8555156,869,0.6089699,1160,0.8128942,761,0.6560345,584,293,0.5017123,198,0.6757679,239,0.8156997,149,0.623431,369,382,1.0352304,231,0.604712,317,0.8298429,229,0.7223975,516,621,1.2034884,351,0.5652174,501,0.8067633,332,0.6626747,199,131,0.6582915,89,0.6793893,103,0.7862595,51,0.4951456
RTG,DERBY TEACHING HOSPITALS NHS FOUNDATION TRUST,2618,1950,0.7448434,1568,0.8041026,1946,0.9979487,1465,0.7528263,665,162,0.243609,137,0.845679,162,1,115,0.7098765,742,784,1.0566038,687,0.8762755,784,1,599,0.7640306,876,989,1.1289954,731,0.7391304,986,0.9969666,745,0.7555781,335,15,0.0447761,13,0.8666667,14,0.9333333,6,0.4285714
RY8,DERBYSHIRE COMMUNITY HEALTH SERVICES NHS FOUNDATION TRUST,89,69,0.7752809,48,0.6956522,69,1,44,0.6376812,72,69,0.9583333,48,0.6956522,69,1,44,0.6376812,0,0,0,0,0,0,0,0,0,0,0,0,0,0,0,0,0,0,17,0,0,0,0,0,0,0,0
NTPH3,DEVIZES NHS TREATMENT CENTRE,148,144,0.972973,127,0.8819444,144,1,97,0.6736111,125,124,0.992,108,0.8709677,124,1,87,0.7016129,0,0,0,0,0,0,0,0,0,0,0,0,0,0,0,0,0,0,23,20,0.8695652,19,0.95,20,1,10,0.5
RP5,DONCASTER AND BASSETLAW TEACHING HOSPITALS NHS FOUNDATION TRUST,2118,988,0.4664778,835,0.8451417,987,0.9989879,664,0.6727457,744,324,0.4354839,283,0.8734568,324,1,211,0.6512346,542,275,0.5073801,227,0.8254545,275,1,182,0.6618182,698,337,0.482808,274,0.8130564,336,0.9970326,246,0.7321429,134,52,0.3880597,51,0.9807692,52,1,25,0.4807692
NNE02,DORKING GENERAL HOSPITAL,182,0,0,0,0,0,0,0,0,42,0,0,0,0,0,0,0,0,66,0,0,0,0,0,0,0,0,68,0,0,0,0,0,0,0,0,6,0,0,0,0,0,0,0,0
RBD,DORSET COUNTY HOSPITAL NHS FOUNDATION TRUST,917,725,0.7906216,643,0.8868966,691,0.9531034,551,0.7973951,180,75,0.4166667,48,0.64,71,0.9466667,43,0.6056338,353,327,0.9263456,300,0.9174312,311,0.9510703,264,0.8488746,293,264,0.9010239,237,0.8977273,250,0.9469697,200,0.8,91,59,0.6483516,58,0.9830508,59,1,44,0.7457627
RDY,DORSET HEALTHCARE UNIVERSITY NHS FOUNDATION TRUST,127,106,0.8346457,89,0.8396226,106,1,83,0.7830189,127,106,0.8346457,89,0.8396226,106,1,83,0.7830189,0,0,0,0,0,0,0,0,0,0,0,0,0,0,0,0,0,0,0,0,0,0,0,0,0,0,0
NVC04,DUCHY HOSPITAL,918,976,1.0631808,789,0.8084016,974,0.9979508,835,0.8572895,*,0,*,0,0,0,0,0,0,492,503,1.0223577,459,0.9125249,501,0.9960239,426,0.8502994,344,473,1.375,330,0.6976744,473,1,409,0.8646934,82,0,0,0,0,0,0,0,0
RWH,EAST AND NORTH HERTFORDSHIRE NHS TRUST,1142,1074,0.9404553,728,0.6778399,1067,0.9934823,692,0.6485473,403,317,0.7866005,182,0.5741325,317,1,188,0.5930599,340,342,1.0058824,263,0.7690058,340,0.994152,235,0.6911765,239,324,1.3556485,205,0.632716,321,0.9907407,223,0.694704,160,91,0.56875,78,0.8571429,89,0.978022,46,0.5168539
RJN,EAST CHESHIRE NHS TRUST,754,503,0.6671088,300,0.5964215,497,0.9880716,366,0.7364185,219,109,0.4977169,85,0.7798165,109,1,74,0.6788991,293,196,0.668942,117,0.5969388,193,0.9846939,153,0.7927461,242,198,0.8181818,98,0.4949495,195,0.9848485,139,0.7128205,0,0,0,0,0,0,0,0,0
RVV,EAST KENT HOSPITALS UNIVERSITY NHS FOUNDATION TRUST,2552,1690,0.6622257,1419,0.839645,1683,0.995858,1254,0.745098,513,259,0.5048733,202,0.7799228,257,0.992278,177,0.688716,919,636,0.6920566,587,0.922956,633,0.995283,479,0.7567141,947,795,0.8394931,630,0.7924528,793,0.9974843,598,0.7540984,173,*,*,*,*,*,*,*,*
RXR,EAST LANCASHIRE HOSPITALS NHS TRUST,1945,1390,0.714653,990,0.7122302,1382,0.9942446,814,0.5890014,402,351,0.8731343,256,0.7293447,349,0.994302,184,0.5272206,400,378,0.945,255,0.6746032,377,0.9973545,245,0.6498674,439,429,0.977221,294,0.6853147,427,0.995338,287,0.6721311,704,232,0.3295455,185,0.7974138,229,0.987069,98,0.4279476
RXC,EAST SUSSEX HEALTHCARE NHS TRUST,936,1255,1.340812,627,0.4996016,1252,0.9976096,870,0.6948882,402,459,1.141791,292,0.6361656,458,0.9978214,267,0.5829694,233,331,1.4206009,143,0.4320242,331,1,244,0.7371601,249,454,1.8232932,185,0.407489,452,0.9955947,350,0.7743363,52,11,0.2115385,7,0.6363636,11,1,9,0.8181818
NTPH2,EMERSONS GREEN NHS TREATMENT CENTRE,1608,1968,1.2238806,1571,0.7982724,1967,0.9994919,1602,0.8144382,551,557,1.0108893,529,0.9497307,556,0.9982047,384,0.6906475,457,560,1.2253829,453,0.8089286,560,1,502,0.8964286,496,750,1.5120968,491,0.6546667,750,1,656,0.8746667,104,101,0.9711538,98,0.970297,101,1,60,0.5940594
RVR,EPSOM AND ST HELIER UNIVERSITY HOSPITALS NHS TRUST,3676,3614,0.9831338,2750,0.7609297,3134,0.8671832,2299,0.7335673,399,177,0.443609,117,0.6610169,155,0.8757062,90,0.5806452,1561,1586,1.0160154,1306,0.8234552,1394,0.8789407,1091,0.7826399,1566,1814,1.1583653,1301,0.7171996,1551,0.8550165,1102,0.7105093,150,37,0.2466667,26,0.7027027,34,0.9189189,16,0.4705882
NVM02,EPSOM DAY SURGERY LIMITED,0,0,0,0,0,0,0,0,0,0,0,0,0,0,0,0,0,0,0,0,0,0,0,0,0,0,0,0,0,0,0,0,0,0,0,0,*,0,*,0,0,0,0,0,0
NVC05,EUXTON HALL HOSPITAL,489,446,0.9120654,382,0.8565022,443,0.9932735,328,0.7404063,245,193,0.7877551,163,0.8445596,193,1,122,0.6321244,132,131,0.9924242,121,0.9236641,129,0.9847328,104,0.8062016,112,122,1.0892857,98,0.8032787,121,0.9918033,102,0.8429752,0,0,0,0,0,0,0,0,0
NVG01,FAIRFIELD HOSPITAL,540,525,0.9722222,406,0.7733333,523,0.9961905,340,0.6500956,130,167,1.2846154,111,0.6646707,167,1,102,0.6107784,89,98,1.1011236,78,0.7959184,98,1,65,0.6632653,143,152,1.0629371,128,0.8421053,150,0.9868421,114,0.76,178,108,0.6067416,89,0.8240741,108,1,59,0.5462963
NVC06,FITZWILLIAM HOSPITAL,683,788,1.1537335,606,0.7690355,785,0.9961929,620,0.7898089,163,138,0.8466258,71,0.5144928,137,0.9927536,94,0.6861314,255,310,1.2156863,269,0.8677419,310,1,251,0.8096774,255,340,1.3333333,266,0.7823529,338,0.9941176,275,0.8136095,10,0,0,0,0,0,0,0,0
AHH,FOSCOTE COURT (BANBURY) TRUST LTD,194,172,0.8865979,163,0.9476744,172,1,133,0.7732558,151,134,0.8874172,125,0.9328358,134,1,96,0.7164179,20,18,0.9,18,1,18,1,18,1,23,20,0.8695652,20,1,20,1,19,0.95,0,0,0,0,0,0,0,0,0
RDU,FRIMLEY HEALTH NHS FOUNDATION TRUST,2765,2336,0.8448463,1921,0.8223459,2332,0.9982877,1639,0.7028302,768,638,0.8307292,530,0.830721,638,1,421,0.6598746,786,739,0.9402036,652,0.8822733,738,0.9986468,555,0.7520325,922,900,0.9761388,686,0.7622222,898,0.9977778,633,0.7048998,289,59,0.2041522,53,0.8983051,58,0.9830508,30,0.5172414
NVC07,FULWOOD HALL HOSPITAL,1156,913,0.7897924,796,0.871851,912,0.9989047,672,0.7368421,204,155,0.7598039,105,0.6774194,155,1,96,0.6193548,269,253,0.9405204,229,0.9051383,253,1,211,0.8339921,392,350,0.8928571,310,0.8857143,350,1,276,0.7885714,291,155,0.532646,152,0.9806452,154,0.9935484,89,0.5779221
RR7,GATESHEAD HEALTH NHS FOUNDATION TRUST,1440,1043,0.7243056,936,0.8974113,1040,0.9971237,762,0.7326923,351,211,0.6011396,205,0.971564,211,1,136,0.6445498,391,260,0.6649616,251,0.9653846,259,0.9961538,212,0.8185328,510,438,0.8588235,348,0.7945205,437,0.9977169,340,0.778032,188,134,0.712766,132,0.9850746,133,0.9925373,74,0.556391
RLT,GEORGE ELIOT HOSPITAL NHS TRUST,776,537,0.6920103,409,0.7616387,536,0.9981378,363,0.6772388,242,134,0.553719,102,0.761194,134,1,82,0.6119403,230,159,0.6913043,127,0.7987421,159,1,121,0.7610063,304,244,0.8026316,180,0.7377049,243,0.9959016,160,0.6584362,*,*,*,0,*,*,*,0,*
RTE,GLOUCESTERSHIRE HOSPITALS NHS FOUNDATION TRUST,2750,1282,0.4661818,1119,0.8728549,1281,0.99922,1014,0.7915691,572,240,0.4195804,184,0.7666667,240,1,171,0.7125,821,522,0.63581,494,0.9463602,521,0.9980843,424,0.8138196,682,462,0.6774194,383,0.8290043,462,1,379,0.8203463,675,58,0.0859259,58,1,58,1,40,0.6896552
RP4,GREAT ORMOND STREET HOSPITAL FOR CHILDREN NHS FOUNDATION TRUST,0,0,0,0,0,0,0,0,0,*,0,*,0,0,0,0,0,0,0,0,0,0,0,0,0,0,0,0,0,0,0,0,0,0,0,0,0,0,0,0,0,0,0,0,0
RN3,GREAT WESTERN HOSPITALS NHS FOUNDATION TRUST,1161,1102,0.9491817,778,0.7059891,1097,0.9954628,787,0.7174111,228,84,0.3684211,52,0.6190476,84,1,50,0.5952381,432,444,1.0277778,376,0.8468468,443,0.9977477,333,0.751693,415,525,1.2650602,320,0.6095238,523,0.9961905,381,0.7284895,86,49,0.5697674,30,0.6122449,47,0.9591837,23,0.4893617
RJ1,GUY'S AND ST THOMAS' NHS FOUNDATION TRUST,1910,888,0.4649215,593,0.6677928,775,0.8727477,417,0.5380645,512,161,0.3144531,79,0.4906832,135,0.8385093,69,0.5111111,360,283,0.7861111,184,0.6501767,264,0.9328622,169,0.6401515,469,282,0.6012793,196,0.6950355,231,0.8191489,112,0.4848485,569,162,0.28471,134,0.8271605,145,0.8950617,67,0.462069
RN5,HAMPSHIRE HOSPITALS NHS FOUNDATION TRUST,1564,1188,0.7595908,931,0.78367,1183,0.9957912,956,0.808115,443,162,0.3656885,100,0.617284,161,0.9938272,109,0.6770186,548,456,0.8321168,419,0.9188596,454,0.995614,376,0.8281938,534,570,1.0674157,412,0.722807,568,0.9964912,471,0.8292254,39,*,*,*,*,*,*,*,*
RCD,HARROGATE AND DISTRICT NHS FOUNDATION TRUST,1056,1206,1.1420455,943,0.7819237,1201,0.9958541,976,0.8126561,300,279,0.93,249,0.8924731,278,0.9964158,206,0.7410072,372,414,1.1129032,343,0.8285024,411,0.9927536,339,0.8248175,384,513,1.3359375,351,0.6842105,512,0.9980507,431,0.8417969,0,0,0,0,0,0,0,0,0
NXP04,HATHAWAY MEDICAL CENTRE,0,276,0,0,0,275,0.9963768,200,0.7272727,0,276,0,0,0,275,0.9963768,200,0.7272727,0,0,0,0,0,0,0,0,0,0,0,0,0,0,0,0,0,0,0,0,0,0,0,0,0,0,0
RR1,HEART OF ENGLAND NHS FOUNDATION TRUST,3569,2913,0.816195,1987,0.6821147,2908,0.9982836,1643,0.5649931,757,664,0.8771466,358,0.5391566,663,0.998494,302,0.4555053,805,722,0.8968944,586,0.8116343,721,0.998615,499,0.6920943,1134,1092,0.962963,810,0.7417582,1090,0.9981685,699,0.6412844,873,435,0.4982818,233,0.5356322,434,0.9977011,143,0.3294931
RQQ,HINCHINGBROOKE HEALTH CARE NHS TRUST,1029,924,0.8979592,634,0.6861472,922,0.9978355,706,0.7657267,282,163,0.5780142,124,0.7607362,163,1,106,0.6503067,306,375,1.2254902,252,0.672,375,1,302,0.8053333,344,379,1.1017442,254,0.6701847,377,0.994723,295,0.7824934,97,7,0.0721649,4,0.5714286,7,1,3,0.4285714
RQX,HOMERTON UNIVERSITY HOSPITAL NHS FOUNDATION TRUST,486,383,0.7880658,271,0.7075718,382,0.997389,190,0.4973822,276,154,0.557971,87,0.5649351,154,1,71,0.461039,79,83,1.0506329,68,0.8192771,82,0.9879518,41,0.5,131,146,1.1145038,116,0.7945205,146,1,78,0.5342466,0,0,0,0,0,0,0,0,0
NVC25,HORTON NHS TREATMENT CENTRE,868,407,0.468894,353,0.8673219,403,0.990172,347,0.8610422,0,0,0,0,0,0,0,0,0,441,210,0.4761905,203,0.9666667,209,0.9952381,179,0.8564593,427,197,0.4613583,150,0.7614213,194,0.9847716,168,0.8659794,0,0,0,0,0,0,0,0,0
RWA,HULL AND EAST YORKSHIRE HOSPITALS NHS TRUST,2122,1436,0.6767201,1144,0.7966574,1426,0.9930362,982,0.6886396,437,377,0.8627002,302,0.801061,373,0.9893899,239,0.6407507,479,397,0.82881,338,0.8513854,394,0.9924433,276,0.7005076,571,553,0.9684764,414,0.7486438,551,0.9963834,407,0.738657,635,109,0.1716535,90,0.8256881,108,0.9908257,60,0.5555556
RYJ,IMPERIAL COLLEGE HEALTHCARE NHS TRUST,1733,1240,0.7155222,592,0.4774194,1017,0.8201613,474,0.4660767,380,124,0.3263158,57,0.4596774,110,0.8870968,57,0.5181818,219,232,1.0593607,67,0.2887931,196,0.8448276,115,0.5867347,216,418,1.9351852,81,0.1937799,299,0.715311,116,0.3879599,918,466,0.5076253,387,0.8304721,412,0.8841202,186,0.4514563
RGQ,IPSWICH HOSPITAL NHS TRUST,1275,714,0.56,604,0.8459384,710,0.9943978,512,0.7211268,346,170,0.4913295,132,0.7764706,169,0.9941176,108,0.6390533,354,229,0.6468927,207,0.9039301,228,0.9956332,179,0.7850877,304,224,0.7368421,192,0.8571429,224,1,177,0.7901786,271,91,0.3357934,73,0.8021978,89,0.978022,48,0.5393258
R1F,ISLE OF WIGHT NHS TRUST,648,429,0.662037,312,0.7272727,428,0.997669,302,0.7056075,178,43,0.241573,40,0.9302326,43,1,28,0.6511628,210,179,0.852381,129,0.7206704,179,1,127,0.7094972,260,207,0.7961538,143,0.6908213,206,0.9951691,147,0.7135922,*,0,*,0,0,0,0,0,0
RGP,JAMES PAGET UNIVERSITY HOSPITALS NHS FOUNDATION TRUST,1176,625,0.5314626,551,0.8816,623,0.9968,504,0.8089888,359,143,0.3983287,102,0.7132867,142,0.993007,101,0.7112676,372,237,0.6370968,223,0.9409283,236,0.9957806,196,0.8305085,393,227,0.5776081,209,0.9207048,227,1,200,0.8810573,52,18,0.3461538,17,0.9444444,18,1,7,0.3888889
RNQ,KETTERING GENERAL HOSPITAL NHS FOUNDATION TRUST,760,409,0.5381579,306,0.7481663,409,1,273,0.6674817,219,102,0.4657534,62,0.6078431,102,1,62,0.6078431,231,149,0.6450216,123,0.8255034,149,1,99,0.6644295,276,151,0.5471014,115,0.7615894,151,1,110,0.7284768,34,7,0.2058824,6,0.8571429,7,1,2,0.2857143
ADP02,KIMS HOSPITAL (NEWNHAM COURT),76,356,4.6842105,60,0.1685393,354,0.994382,274,0.7740113,27,21,0.7777778,12,0.5714286,21,1,15,0.7142857,23,132,5.7391304,20,0.1515152,132,1,101,0.7651515,26,203,7.8076923,28,0.137931,201,0.9901478,158,0.7860697,0,0,0,0,0,0,0,0,0
RJZ,KING'S COLLEGE HOSPITAL NHS FOUNDATION TRUST,2393,1645,0.6874216,1160,0.7051672,1410,0.8571429,958,0.6794326,610,149,0.2442623,77,0.5167785,128,0.8590604,82,0.640625,649,513,0.7904468,404,0.7875244,452,0.8810916,334,0.7389381,763,726,0.9515072,529,0.7286501,606,0.8347107,443,0.7310231,371,257,0.6927224,150,0.5836576,224,0.8715953,99,0.4419643
RAX,KINGSTON HOSPITAL NHS FOUNDATION TRUST,565,0,0,0,0,0,0,0,0,490,0,0,0,0,0,0,0,0,0,0,0,0,0,0,0,0,0,*,0,*,0,0,0,0,0,0,75,0,0,0,0,0,0,0,0
RXN,LANCASHIRE TEACHING HOSPITALS NHS FOUNDATION TRUST,1327,729,0.5493595,565,0.7750343,723,0.9917695,490,0.6777317,200,41,0.205,35,0.8536585,40,0.9756098,25,0.625,303,329,1.0858086,254,0.7720365,326,0.9908815,211,0.6472393,283,333,1.1766784,253,0.7597598,331,0.993994,236,0.7129909,541,26,0.0480591,23,0.8846154,26,1,18,0.6923077
RR8,LEEDS TEACHING HOSPITALS NHS TRUST,2170,1589,0.7322581,1219,0.7671492,1575,0.9911894,1005,0.6380952,491,206,0.4195519,116,0.5631068,206,1,103,0.5,490,437,0.8918367,355,0.812357,432,0.9885584,317,0.7337963,534,543,1.0168539,385,0.7090239,542,0.9981584,387,0.7140221,655,403,0.6152672,363,0.9007444,395,0.9801489,198,0.5012658
RJ2,LEWISHAM AND GREENWICH NHS TRUST,1108,936,0.8447653,667,0.7126068,817,0.8728632,459,0.5618115,343,245,0.7142857,195,0.7959184,229,0.9346939,115,0.5021834,185,236,1.2756757,161,0.6822034,198,0.8389831,134,0.6767677,281,359,1.2775801,229,0.637883,300,0.8356546,170,0.5666667,299,96,0.3210702,82,0.8541667,90,0.9375,40,0.4444444
NXP40,LITFIELD HOUSE MEDICAL CENTRE,0,0,0,0,0,0,0,0,0,0,*,*,0,*,*,*,*,*,0,0,0,0,0,0,0,0,0,0,0,0,0,0,0,0,0,0,0,0,0,0,0,0,0,0,0
REP,LIVERPOOL WOMEN'S NHS FOUNDATION TRUST,0,0,0,0,0,0,0,0,0,*,0,*,0,0,0,0,0,0,0,0,0,0,0,0,0,0,0,0,0,0,0,0,0,0,0,0,0,0,0,0,0,0,0,0,0
R1K,LONDON NORTH WEST HEALTHCARE NHS TRUST,1905,1490,0.7821522,930,0.6241611,1274,0.8550336,730,0.5729984,624,517,0.8285256,269,0.5203095,449,0.868472,256,0.5701559,230,257,1.1173913,186,0.7237354,226,0.8793774,152,0.6725664,464,569,1.2262931,352,0.6186292,465,0.8172232,253,0.544086,587,147,0.2504259,123,0.8367347,134,0.9115646,69,0.5149254
RC9,LUTON AND DUNSTABLE UNIVERSITY HOSPITAL NHS FOUNDATION TRUST,932,666,0.7145923,542,0.8138138,664,0.996997,454,0.6837349,315,147,0.4666667,129,0.877551,147,1,92,0.6258503,248,237,0.9556452,182,0.7679325,235,0.9915612,166,0.706383,289,265,0.916955,216,0.8150943,265,1,185,0.6981132,80,17,0.2125,15,0.8823529,17,1,11,0.6470588
RWF,MAIDSTONE AND TUNBRIDGE WELLS NHS TRUST,1367,760,0.555962,518,0.6815789,642,0.8447368,498,0.7757009,433,217,0.5011547,158,0.7281106,191,0.8801843,128,0.6701571,393,248,0.6310433,171,0.6895161,208,0.8387097,177,0.8509615,403,280,0.6947891,175,0.625,228,0.8142857,183,0.8026316,138,15,0.1086957,14,0.9333333,15,1,10,0.6666667
RPA,MEDWAY NHS FOUNDATION TRUST,883,660,0.7474519,500,0.7575758,659,0.9984848,419,0.6358118,259,140,0.5405405,92,0.6571429,140,1,70,0.5,237,222,0.9367089,182,0.8198198,221,0.9954955,153,0.6923077,268,286,1.0671642,216,0.7552448,286,1,191,0.6678322,119,12,0.1008403,10,0.8333333,12,1,5,0.4166667
RBT,MID CHESHIRE HOSPITALS NHS FOUNDATION TRUST,1048,919,0.8769084,836,0.9096844,916,0.9967356,691,0.7543668,311,309,0.9935691,266,0.8608414,307,0.9935275,195,0.6351792,334,303,0.9071856,285,0.9405941,303,1,255,0.8415842,323,279,0.8637771,263,0.9426523,278,0.9964158,225,0.8093525,80,28,0.35,22,0.7857143,28,1,16,0.5714286
RQ8,MID ESSEX HOSPITAL SERVICES NHS TRUST,945,655,0.6931217,547,0.8351145,653,0.9969466,482,0.7381317,239,100,0.41841,81,0.81,100,1,65,0.65,294,249,0.8469388,212,0.8514056,248,0.9959839,194,0.7822581,319,271,0.8495298,228,0.8413284,270,0.99631,200,0.7407407,93,35,0.3763441,26,0.7428571,35,1,23,0.6571429
RXF,MID YORKSHIRE HOSPITALS NHS TRUST,1857,1359,0.7318255,1130,0.8314937,1353,0.995585,943,0.6969697,554,465,0.8393502,327,0.7032258,463,0.9956989,265,0.5723542,409,309,0.7555012,289,0.9352751,309,1,248,0.802589,549,510,0.9289617,441,0.8647059,506,0.9921569,390,0.770751,345,75,0.2173913,73,0.9733333,75,1,40,0.5333333
RD8,MILTON KEYNES UNIVERSITY HOSPITAL NHS FOUNDATION TRUST,648,644,0.9938272,433,0.6723602,641,0.9953416,427,0.6661466,182,61,0.3351648,57,0.9344262,60,0.9836066,39,0.65,187,224,1.197861,165,0.7366071,223,0.9955357,152,0.6816143,202,325,1.6089109,178,0.5476923,325,1,219,0.6738462,77,34,0.4415584,33,0.9705882,33,0.9705882,17,0.5151515
NVC08,MOUNT STUART HOSPITAL,533,424,0.7954972,356,0.8396226,422,0.995283,299,0.7085308,174,150,0.862069,105,0.7,149,0.9933333,90,0.6040268,217,156,0.718894,150,0.9615385,156,1,121,0.775641,142,118,0.8309859,101,0.8559322,117,0.9915254,88,0.7521368,0,0,0,0,0,0,0,0,0
NVC09,NEW HALL HOSPITAL,445,443,0.9955056,363,0.8194131,441,0.9954853,354,0.8027211,48,55,1.1458333,22,0.4,55,1,32,0.5818182,201,200,0.9950249,174,0.87,200,1,166,0.83,196,188,0.9591837,167,0.8882979,186,0.9893617,156,0.8387097,0,0,0,0,0,0,0,0,0
RM1,NORFOLK AND NORWICH UNIVERSITY HOSPITALS NHS FOUNDATION TRUST,2107,1755,0.8329378,1535,0.8746439,1564,0.8911681,1154,0.7378517,686,512,0.7463557,456,0.890625,487,0.9511719,365,0.7494867,520,545,1.0480769,468,0.8587156,469,0.8605505,353,0.7526652,449,477,1.0623608,401,0.8406709,390,0.8176101,290,0.7435897,452,221,0.4889381,210,0.9502262,218,0.9864253,146,0.6697248
RVJ,NORTH BRISTOL NHS TRUST,2021,509,0.2518555,407,0.7996071,507,0.9960707,381,0.7514793,319,0,0,0,0,0,0,0,0,879,264,0.3003413,223,0.844697,263,0.9962121,199,0.756654,675,245,0.362963,184,0.7510204,244,0.9959184,182,0.7459016,148,0,0,0,0,0,0,0,0
RNL,NORTH CUMBRIA UNIVERSITY HOSPITALS NHS TRUST,1302,952,0.7311828,720,0.7563025,951,0.9989496,676,0.7108307,267,174,0.6516854,117,0.6724138,174,1,113,0.6494253,317,274,0.8643533,216,0.7883212,274,1,204,0.7445255,346,371,1.0722543,255,0.6873315,370,0.9973046,273,0.7378378,372,133,0.3575269,132,0.9924812,133,1,86,0.6466165
NVC11,NORTH DOWNS HOSPITAL,275,312,1.1345455,215,0.6891026,311,0.9967949,235,0.755627,72,64,0.8888889,31,0.484375,64,1,44,0.6875,107,123,1.1495327,104,0.8455285,122,0.9918699,94,0.7704918,78,125,1.6025641,80,0.64,125,1,97,0.776,18,*,*,*,*,*,*,0,*
NTP15,NORTH EAST LONDON TREATMENT CENTRE CARE UK,842,763,0.9061758,507,0.6644823,761,0.9973788,461,0.6057819,237,244,1.0295359,135,0.5532787,244,1,125,0.5122951,165,161,0.9757576,106,0.6583851,159,0.9875776,109,0.6855346,317,245,0.7728707,167,0.6816327,245,1,181,0.7387755,123,113,0.9186992,99,0.8761062,113,1,46,0.4070796
RAP,NORTH MIDDLESEX UNIVERSITY HOSPITAL NHS TRUST,629,388,0.6168521,295,0.7603093,385,0.992268,240,0.6233766,320,129,0.403125,104,0.8062016,129,1,64,0.496124,115,101,0.8782609,72,0.7128713,100,0.990099,73,0.73,194,158,0.814433,119,0.7531646,156,0.9873418,103,0.6602564,0,0,0,0,0,0,0,0,0
RVW,NORTH TEES AND HARTLEPOOL NHS FOUNDATION TRUST,1121,1056,0.9420161,904,0.8560606,1054,0.9981061,732,0.6944972,312,198,0.6346154,188,0.9494949,197,0.9949495,129,0.6548223,289,285,0.9861592,257,0.9017544,284,0.9964912,209,0.7359155,461,488,1.0585683,424,0.8688525,488,1,349,0.7151639,59,85,1.440678,35,0.4117647,85,1,45,0.5294118
RGN,NORTH WEST ANGLIA NHS FOUNDATION TRUST,1340,874,0.6522388,788,0.9016018,869,0.9942792,672,0.7733026,380,158,0.4157895,140,0.8860759,158,1,116,0.7341772,450,336,0.7466667,306,0.9107143,332,0.9880952,267,0.8042169,458,368,0.8034934,330,0.8967391,367,0.9972826,282,0.7683924,52,12,0.2307692,12,1,12,1,7,0.5833333
RNS,NORTHAMPTON GENERAL HOSPITAL NHS TRUST,904,691,0.7643805,605,0.8755427,687,0.9942113,488,0.7103348,275,137,0.4981818,104,0.7591241,137,1,80,0.5839416,252,238,0.9444444,224,0.9411765,234,0.9831933,179,0.7649573,249,231,0.9277108,213,0.9220779,231,1,180,0.7792208,128,85,0.6640625,64,0.7529412,85,1,49,0.5764706
RBZ,NORTHERN DEVON HEALTHCARE NHS TRUST,1081,1047,0.9685476,784,0.7488061,1045,0.9980898,796,0.7617225,343,291,0.8483965,249,0.8556701,290,0.9965636,194,0.6689655,346,427,1.234104,293,0.6861827,427,1,347,0.8126464,254,313,1.2322835,227,0.7252396,313,1,245,0.7827476,138,16,0.115942,15,0.9375,15,0.9375,10,0.6666667
RJL,NORTHERN LINCOLNSHIRE AND GOOLE NHS FOUNDATION TRUST,1272,1174,0.922956,984,0.8381601,1171,0.9974446,854,0.7292912,384,267,0.6953125,223,0.835206,267,1,186,0.6966292,397,380,0.9571788,334,0.8789474,380,1,282,0.7421053,491,527,1.0733198,427,0.8102467,524,0.9943074,386,0.7366412,*,*,*,*,*,*,*,*,*
RTF,NORTHUMBRIA HEALTHCARE NHS FOUNDATION TRUST,2996,2074,0.6922563,1881,0.9069431,2066,0.9961427,1663,0.8049371,712,352,0.494382,307,0.8721591,352,1,254,0.7215909,1040,789,0.7586538,724,0.9176172,785,0.9949303,643,0.8191083,1244,933,0.75,850,0.9110397,929,0.9957128,766,0.8245425,*,0,*,0,0,0,0,0,0
RX1,NOTTINGHAM UNIVERSITY HOSPITALS NHS TRUST,2056,1797,0.8740272,1427,0.7941013,1796,0.9994435,1369,0.7622494,412,*,*,*,*,*,*,*,*,793,862,1.0870113,708,0.8213457,861,0.9988399,644,0.7479675,851,935,1.0987074,719,0.768984,935,1,725,0.7754011,*,0,*,0,0,0,0,0,0
NT202,"NUFFIELD HEALTH, BOURNEMOUTH HOSPITAL",103,0,0,0,0,0,0,0,0,85,*,*,*,*,*,*,*,*,8,0,0,0,0,0,0,0,0,10,0,0,0,0,0,0,0,0,0,0,0,0,0,0,0,0,0
NT204,"NUFFIELD HEALTH, BRENTWOOD HOSPITAL",298,252,0.8456376,225,0.8928571,251,0.9960317,185,0.7370518,74,45,0.6081081,33,0.7333333,44,0.9777778,31,0.7045455,124,108,0.8709677,105,0.9722222,108,1,82,0.7592593,100,99,0.99,87,0.8787879,99,1,72,0.7272727,0,0,0,0,0,0,0,0,0
NT205,"NUFFIELD HEALTH, BRIGHTON HOSPITAL",40,36,0.9,21,0.5833333,36,1,32,0.8888889,*,6,*,0,0,6,1,5,0.8333333,23,13,0.5652174,11,0.8461538,13,1,13,1,17,17,1,10,0.5882353,17,1,14,0.8235294,0,0,0,0,0,0,0,0,0
NT206,"NUFFIELD HEALTH, BRISTOL HOSPITAL (CHESTERFIELD)",70,105,1.5,52,0.4952381,105,1,78,0.7428571,25,18,0.72,13,0.7222222,18,1,10,0.5555556,20,53,2.65,18,0.3396226,53,1,42,0.7924528,25,34,1.36,21,0.6176471,34,1,26,0.7647059,0,0,0,0,0,0,0,0,0
NT209,"NUFFIELD HEALTH, CAMBRIDGE HOSPITAL",140,184,1.3142857,171,0.9293478,182,0.9891304,159,0.8736264,10,0,0,0,0,0,0,0,0,69,92,1.3333333,87,0.9456522,90,0.9782609,76,0.8444444,61,92,1.5081967,84,0.9130435,92,1,83,0.9021739,0,0,0,0,0,0,0,0,0
NT211,"NUFFIELD HEALTH, CHELTENHAM HOSPITAL",30,17,0.5666667,15,0.8823529,17,1,11,0.6470588,12,9,0.75,7,0.7777778,9,1,5,0.5555556,11,8,0.7272727,8,1,8,1,6,0.75,7,*,*,*,*,*,*,*,*,0,0,0,0,0,0,0,0,0
NT212,"NUFFIELD HEALTH, CHICHESTER HOSPITAL",209,32,0.15311,22,0.6875,30,0.9375,25,0.8333333,16,0,0,0,0,0,0,0,0,104,17,0.1634615,14,0.8235294,16,0.9411765,13,0.8125,89,15,0.1685393,8,0.5333333,14,0.9333333,12,0.8571429,0,0,0,0,0,0,0,0,0
NT213,"NUFFIELD HEALTH, DERBY HOSPITAL",515,648,1.2582524,447,0.6898148,648,1,519,0.8009259,28,*,*,*,*,*,*,*,*,233,233,1,210,0.9012876,233,1,191,0.8197425,254,415,1.6338583,237,0.5710843,415,1,328,0.7903614,*,0,*,0,0,0,0,0,0
NT215,"NUFFIELD HEALTH, EXETER HOSPITAL",341,317,0.9296188,294,0.9274448,317,1,274,0.8643533,0,0,0,0,0,0,0,0,0,93,82,0.8817204,80,0.9756098,82,1,69,0.8414634,248,235,0.9475806,214,0.9106383,235,1,205,0.8723404,0,0,0,0,0,0,0,0,0
NT218,"NUFFIELD HEALTH, HAYWARDS HEATH HOSPITAL",75,69,0.92,35,0.5072464,69,1,56,0.8115942,21,14,0.6666667,12,0.8571429,14,1,9,0.6428571,33,40,1.2121212,15,0.375,40,1,34,0.85,21,15,0.7142857,8,0.5333333,15,1,13,0.8666667,0,0,0,0,0,0,0,0,0
NT219,"NUFFIELD HEALTH, HEREFORD HOSPITAL",255,295,1.1568627,267,0.9050847,294,0.9966102,246,0.8367347,79,90,1.1392405,81,0.9,90,1,64,0.7111111,81,90,1.1111111,87,0.9666667,89,0.9888889,81,0.9101124,95,115,1.2105263,99,0.8608696,115,1,101,0.8782609,0,0,0,0,0,0,0,0,0
NT222,"NUFFIELD HEALTH, IPSWICH HOSPITAL",298,281,0.942953,256,0.911032,281,1,239,0.8505338,41,17,0.4146341,10,0.5882353,17,1,10,0.5882353,155,152,0.9806452,144,0.9473684,152,1,128,0.8421053,102,112,1.0980392,102,0.9107143,112,1,101,0.9017857,0,0,0,0,0,0,0,0,0
NT225,"NUFFIELD HEALTH, LEEDS HOSPITAL",703,391,0.5561878,318,0.8132992,389,0.9948849,296,0.7609254,136,52,0.3823529,37,0.7115385,52,1,24,0.4615385,218,130,0.5963303,117,0.9,129,0.9923077,103,0.7984496,349,209,0.5988539,164,0.784689,208,0.9952153,169,0.8125,0,0,0,0,0,0,0,0,0
NT226,"NUFFIELD HEALTH, LEICESTER HOSPITAL",430,252,0.5860465,231,0.9166667,251,0.9960317,206,0.8207171,188,79,0.4202128,75,0.9493671,79,1,60,0.7594937,76,59,0.7763158,53,0.8983051,58,0.9830508,48,0.8275862,166,114,0.686747,103,0.9035088,114,1,98,0.8596491,0,0,0,0,0,0,0,0,0
NT229,"NUFFIELD HEALTH, NEWCASTLE UPON TYNE HOSPITAL",182,328,1.8021978,303,0.9237805,326,0.9939024,262,0.803681,79,47,0.5949367,45,0.9574468,47,1,26,0.5531915,49,116,2.3673469,106,0.9137931,115,0.9913793,96,0.8347826,54,165,3.0555556,152,0.9212121,164,0.9939394,140,0.8536585,0,0,0,0,0,0,0,0,0
NT230,"NUFFIELD HEALTH, NORTH STAFFORDSHIRE HOSPITAL",723,567,0.7842324,465,0.8201058,565,0.9964727,422,0.7469027,348,247,0.7097701,176,0.7125506,247,1,153,0.6194332,198,164,0.8282828,155,0.945122,163,0.9939024,138,0.8466258,177,156,0.8813559,134,0.8589744,155,0.9935897,131,0.8451613,0,0,0,0,0,0,0,0,0
NT233,"NUFFIELD HEALTH, PLYMOUTH HOSPITAL",758,533,0.7031662,510,0.956848,531,0.9962477,402,0.7570621,265,256,0.9660377,253,0.9882813,255,0.9960938,166,0.6509804,143,139,0.972028,130,0.9352518,139,1,125,0.8992806,132,138,1.0454545,127,0.9202899,137,0.9927536,111,0.810219,218,0,0,0,0,0,0,0,0
NT235,"NUFFIELD HEALTH, SHREWSBURY HOSPITAL",89,83,0.9325843,68,0.8192771,83,1,65,0.7831325,52,38,0.7307692,34,0.8947368,38,1,26,0.6842105,16,19,1.1875,16,0.8421053,19,1,18,0.9473684,21,26,1.2380952,18,0.6923077,26,1,21,0.8076923,0,0,0,0,0,0,0,0,0
NT238,"NUFFIELD HEALTH, TAUNTON HOSPITAL",287,327,1.1393728,318,0.9724771,327,1,293,0.8960245,25,38,1.52,37,0.9736842,38,1,31,0.8157895,142,156,1.0985915,152,0.974359,156,1,137,0.8782051,120,133,1.1083333,129,0.9699248,133,1,125,0.9398496,0,0,0,0,0,0,0,0,0
NT237,"NUFFIELD HEALTH, TEES HOSPITAL",697,670,0.9612626,592,0.8835821,668,0.9970149,513,0.7679641,176,161,0.9147727,139,0.863354,160,0.9937888,101,0.63125,212,191,0.9009434,180,0.9424084,190,0.9947644,160,0.8421053,309,318,1.0291262,273,0.8584906,318,1,252,0.7924528,0,0,0,0,0,0,0,0,0
NT210,"NUFFIELD HEALTH, THE GROSVENOR HOSPITAL, CHESTER",221,150,0.678733,140,0.9333333,149,0.9933333,118,0.7919463,0,9,0,4,0.4444444,9,1,5,0.5555556,99,65,0.6565657,61,0.9384615,64,0.9846154,51,0.796875,122,76,0.6229508,75,0.9868421,76,1,62,0.8157895,0,0,0,0,0,0,0,0,0
NT239,"NUFFIELD HEALTH, TUNBRIDGE WELLS HOSPITAL",33,60,1.8181818,54,0.9,60,1,41,0.6833333,27,25,0.9259259,23,0.92,25,1,16,0.64,6,35,5.8333333,31,0.8857143,35,1,25,0.7142857,*,*,*,*,*,*,*,*,*,0,0,0,0,0,0,0,0,0
NT224,"NUFFIELD HEALTH, WARWICKSHIRE HOSPITAL",137,32,0.2335766,26,0.8125,32,1,28,0.875,0,0,0,0,0,0,0,0,0,73,17,0.2328767,14,0.8235294,17,1,14,0.8235294,64,15,0.234375,12,0.8,15,1,14,0.9333333,0,0,0,0,0,0,0,0,0
NT214,"NUFFIELD HEALTH, WESSEX HOSPITAL",157,251,1.5987261,165,0.6573705,248,0.9880478,202,0.8145161,34,7,0.2058824,6,0.8571429,7,1,4,0.5714286,62,112,1.8064516,80,0.7142857,110,0.9821429,89,0.8090909,61,132,2.1639344,79,0.5984848,131,0.9924242,109,0.8320611,0,0,0,0,0,0,0,0,0
NT241,"NUFFIELD HEALTH, WOKING HOSPITAL",70,71,1.0142857,60,0.8450704,70,0.9859155,53,0.7571429,28,25,0.8928571,19,0.76,24,0.96,15,0.625,17,18,1.0588235,16,0.8888889,18,1,16,0.8888889,25,28,1.12,25,0.8928571,28,1,22,0.7857143,0,0,0,0,0,0,0,0,0
NT242,"NUFFIELD HEALTH, WOLVERHAMPTON HOSPITAL",327,198,0.6055046,170,0.8585859,198,1,169,0.8535354,74,19,0.2567568,16,0.8421053,19,1,14,0.7368421,120,84,0.7,80,0.952381,84,1,74,0.8809524,133,95,0.7142857,74,0.7789474,95,1,81,0.8526316,0,0,0,0,0,0,0,0,0
NT245,"NUFFIELD HEALTH, YORK HOSPITAL",306,372,1.2156863,303,0.8145161,369,0.9919355,318,0.8617886,0,0,0,0,0,0,0,0,0,159,169,1.0628931,159,0.9408284,167,0.9881657,142,0.8502994,147,203,1.3809524,144,0.7093596,202,0.9950739,176,0.8712871,0,0,0,0,0,0,0,0,0
NT244,NUFFIELD HOSPITAL OXFORD (THE MANOR),183,228,1.2459016,158,0.6929825,226,0.9912281,180,0.7964602,0,0,0,0,0,0,0,0,0,134,146,1.0895522,117,0.8013699,144,0.9863014,117,0.8125,49,82,1.6734694,41,0.5,82,1,63,0.7682927,0,0,0,0,0,0,0,0,0
NVC12,OAKLANDS HOSPITAL,517,493,0.9535783,415,0.841785,491,0.9959432,328,0.6680244,97,81,0.8350515,71,0.8765432,81,1,52,0.6419753,124,116,0.9354839,100,0.862069,115,0.9913793,70,0.6086957,296,296,1,244,0.8243243,295,0.9966216,206,0.6983051,0,0,0,0,0,0,0,0,0
NVC13,OAKS HOSPITAL,759,509,0.6706192,420,0.8251473,508,0.9980354,389,0.765748,234,134,0.5726496,99,0.738806,134,1,99,0.738806,184,175,0.951087,146,0.8342857,174,0.9942857,135,0.7758621,194,193,0.9948454,168,0.8704663,193,1,150,0.7772021,147,7,0.047619,7,1,7,1,5,0.7142857
NTX12,ONE HEALTH GROUP CLINIC - CLAREMONT,12,61,5.0833333,36,0.5901639,61,1,55,0.9016393,12,*,*,*,*,*,*,*,*,*,23,*,15,0.6521739,23,1,22,0.9565217,*,38,*,21,0.5526316,38,1,33,0.8684211,0,0,0,0,0,0,0,0,0
NTX11,ONE HEALTH GROUP CLINIC - THORNBURY,24,338,14.0833333,238,0.704142,338,1,234,0.6923077,16,129,8.0625,92,0.7131783,129,1,75,0.5813953,8,103,12.875,68,0.6601942,103,1,82,0.7961165,*,106,*,78,0.7358491,106,1,77,0.7264151,0,0,0,0,0,0,0,0,0
NTX01,ONE HEALTH GROUP LTD,545,0,0,0,0,0,0,0,0,285,0,0,0,0,0,0,0,0,95,0,0,0,0,0,0,0,0,165,0,0,0,0,0,0,0,0,0,0,0,0,0,0,0,0,0
NQM01,ORTHOPAEDICS & SPINE SPECIALIST HOSPITAL SITE,0,45,0,0,0,45,1,40,0.8888889,0,0,0,0,0,0,0,0,0,0,30,0,0,0,30,1,26,0.8666667,0,15,0,0,0,15,1,14,0.9333333,0,0,0,0,0,0,0,0,0
RTH,OXFORD UNIVERSITY HOSPITALS NHS FOUNDATION TRUST,2106,2274,1.0797721,1538,0.6763412,2260,0.9938434,1581,0.6995575,436,264,0.6055046,229,0.8674242,263,0.9962121,198,0.7528517,926,900,0.9719222,758,0.8422222,896,0.9955556,662,0.7388393,489,971,1.9856851,418,0.430484,965,0.9938208,646,0.6694301,255,139,0.545098,133,0.9568345,136,0.9784173,75,0.5514706
NVC14,PARK HILL HOSPITAL,87,639,7.3448276,537,0.8403756,639,1,480,0.7511737,*,24,*,15,0.625,24,1,16,0.6666667,35,254,7.2571429,225,0.8858268,254,1,187,0.7362205,52,361,6.9423077,297,0.8227147,361,1,277,0.767313,0,0,0,0,0,0,0,0,0
NTPH5,PENINSULA NHS TREATMENT CENTRE,793,672,0.8474149,579,0.8616071,671,0.9985119,581,0.8658718,56,16,0.2857143,10,0.625,16,1,15,0.9375,351,285,0.8119658,275,0.9649123,284,0.9964912,255,0.8978873,386,371,0.9611399,294,0.7924528,371,1,311,0.8382749,0,0,0,0,0,0,0,0,0
RW6,PENNINE ACUTE HOSPITALS NHS TRUST,2318,690,0.2976704,542,0.7855072,686,0.9942029,453,0.6603499,500,98,0.196,48,0.4897959,97,0.9897959,56,0.5773196,586,262,0.447099,232,0.8854962,261,0.9961832,164,0.6283525,762,315,0.4133858,251,0.7968254,313,0.9936508,225,0.7188498,470,15,0.0319149,11,0.7333333,15,1,8,0.5333333
NEQ01,PHOENIX HEALTH SOLUTIONS LIMITED,6,0,0,0,0,0,0,0,0,6,0,0,0,0,0,0,0,0,0,0,0,0,0,0,0,0,0,0,0,0,0,0,0,0,0,0,*,0,*,0,0,0,0,0,0
NVC15,PINEHILL HOSPITAL,383,253,0.6605744,189,0.7470356,251,0.9920949,200,0.7968127,120,44,0.3666667,36,0.8181818,44,1,30,0.6818182,151,99,0.6556291,91,0.9191919,98,0.989899,84,0.8571429,97,110,1.1340206,62,0.5636364,109,0.9909091,86,0.7889908,15,*,*,*,*,*,*,*,*
RK9,PLYMOUTH HOSPITALS NHS TRUST,1539,930,0.6042885,757,0.8139785,926,0.9956989,671,0.724622,426,84,0.1971831,33,0.3928571,84,1,40,0.4761905,344,352,1.0232558,295,0.8380682,350,0.9943182,263,0.7514286,356,343,0.9634831,286,0.8338192,343,1,254,0.7405248,413,151,0.3656174,143,0.9470199,149,0.986755,114,0.7651007
RD3,POOLE HOSPITAL NHS FOUNDATION TRUST,152,97,0.6381579,68,0.7010309,97,1,68,0.7010309,146,97,0.6643836,68,0.7010309,97,1,68,0.7010309,6,0,0,0,0,0,0,0,0,0,0,0,0,0,0,0,0,0,0,0,0,0,0,0,0,0,0
RHU,PORTSMOUTH HOSPITALS NHS TRUST,2061,348,0.1688501,286,0.8218391,343,0.9856322,258,0.7521866,594,35,0.0589226,29,0.8285714,35,1,22,0.6285714,759,156,0.2055336,133,0.8525641,152,0.974359,120,0.7894737,675,157,0.2325926,124,0.7898089,156,0.9936306,116,0.7435897,33,0,0,0,0,0,0,0,0
NAM01,PROBUS SURGICAL CENTRE,0,42,0,0,0,42,1,32,0.7619048,0,42,0,0,0,42,1,32,0.7619048,0,0,0,0,0,0,0,0,0,0,0,0,0,0,0,0,0,0,0,0,0,0,0,0,0,0,0
RPC,QUEEN VICTORIA HOSPITAL NHS FOUNDATION TRUST,0,0,0,0,0,0,0,0,0,*,0,*,0,0,0,0,0,0,0,0,0,0,0,0,0,0,0,0,0,0,0,0,0,0,0,0,*,0,*,0,0,0,0,0,0
NVC16,RENACRES HOSPITAL,433,445,1.0277136,372,0.8359551,443,0.9955056,339,0.765237,129,132,1.0232558,91,0.6893939,130,0.9848485,86,0.6615385,136,140,1.0294118,129,0.9214286,140,1,114,0.8142857,168,173,1.0297619,152,0.8786127,173,1,139,0.8034682,0,0,0,0,0,0,0,0,0
NVC19,RIVERS HOSPITAL,580,416,0.7172414,380,0.9134615,416,1,308,0.7403846,263,184,0.6996198,164,0.8913043,184,1,114,0.6195652,144,95,0.6597222,89,0.9368421,95,1,77,0.8105263,173,137,0.7919075,127,0.9270073,137,1,117,0.8540146,0,*,*,*,*,*,*,*,*
NVC17,ROWLEY HALL HOSPITAL,330,239,0.7242424,178,0.7447699,238,0.9958159,186,0.7815126,97,58,0.5979381,40,0.6896552,58,1,37,0.637931,115,84,0.7304348,66,0.7857143,83,0.9880952,68,0.8192771,118,97,0.8220339,72,0.742268,97,1,81,0.8350515,0,0,0,0,0,0,0,0,0
RHW,ROYAL BERKSHIRE NHS FOUNDATION TRUST,1277,754,0.5904464,554,0.734748,750,0.994695,536,0.7146667,371,174,0.4690027,95,0.545977,173,0.9942529,96,0.5549133,450,297,0.66,256,0.8619529,296,0.996633,229,0.7736486,386,259,0.6709845,182,0.7027027,259,1,193,0.7451737,70,24,0.3428571,21,0.875,22,0.9166667,18,0.8181818
RT3,ROYAL BROMPTON & HAREFIELD NHS FOUNDATION TRUST,0,0,0,0,0,0,0,0,0,*,0,*,0,0,0,0,0,0,0,0,0,0,0,0,0,0,0,0,0,0,0,0,0,0,0,0,0,0,0,0,0,0,0,0,0
REF,ROYAL CORNWALL HOSPITALS NHS TRUST,1735,1277,0.7360231,814,0.6374315,1274,0.9976507,887,0.6962323,449,222,0.4944321,155,0.6981982,222,1,137,0.6171171,539,524,0.9721707,324,0.6183206,521,0.9942748,368,0.706334,443,479,1.0812641,283,0.5908142,479,1,350,0.7306889,304,52,0.1710526,52,1,52,1,32,0.6153846
RH8,ROYAL DEVON AND EXETER NHS FOUNDATION TRUST,2130,1603,0.7525822,1350,0.8421709,1597,0.996257,1250,0.7827176,657,221,0.3363775,146,0.6606335,219,0.9909502,143,0.652968,696,737,1.058908,658,0.8928087,734,0.9959294,589,0.8024523,579,590,1.0189983,505,0.8559322,589,0.9983051,482,0.8183362,198,55,0.2777778,41,0.7454545,55,1,36,0.6545455
RAL,ROYAL FREE LONDON NHS FOUNDATION TRUST,2430,1033,0.4251029,775,0.750242,894,0.8654405,589,0.6588367,738,165,0.2235772,112,0.6787879,148,0.8969697,80,0.5405405,489,334,0.6830266,263,0.7874251,296,0.8862275,218,0.7364865,608,426,0.7006579,318,0.7464789,354,0.8309859,242,0.6836158,595,108,0.1815126,82,0.7592593,96,0.8888889,49,0.5104167
RQ6,ROYAL LIVERPOOL AND BROADGREEN UNIVERSITY HOSPITALS NHS TRUST,865,719,0.8312139,449,0.6244784,717,0.9972184,415,0.5788006,187,98,0.5240642,56,0.5714286,97,0.9897959,54,0.556701,320,297,0.928125,189,0.6363636,296,0.996633,162,0.5472973,347,324,0.9337176,204,0.6296296,324,1,199,0.6141975,11,0,0,0,0,0,0,0,0
RAN,ROYAL NATIONAL ORTHOPAEDIC HOSPITAL NHS TRUST,993,578,0.5820745,401,0.6937716,512,0.8858131,338,0.6601563,0,0,0,0,0,0,0,0,0,513,279,0.5438596,207,0.7419355,257,0.921147,173,0.6731518,480,299,0.6229167,194,0.6488294,255,0.8528428,165,0.6470588,0,0,0,0,0,0,0,0,0
RA2,ROYAL SURREY COUNTY HOSPITAL NHS FOUNDATION TRUST,802,474,0.5910224,312,0.6582278,468,0.9873418,330,0.7051282,244,204,0.8360656,111,0.5441176,203,0.995098,120,0.591133,306,137,0.4477124,115,0.8394161,134,0.9781022,107,0.7985075,252,133,0.5277778,86,0.6466165,131,0.9849624,103,0.7862595,0,0,0,0,0,0,0,0,0
RD1,ROYAL UNITED HOSPITALS BATH NHS FOUNDATION TRUST,895,1147,1.2815642,741,0.6460331,1144,0.9973845,757,0.6617133,219,141,0.6438356,76,0.5390071,141,1,78,0.5531915,360,517,1.4361111,365,0.7059961,516,0.9980658,353,0.6841085,297,470,1.5824916,287,0.6106383,468,0.9957447,315,0.6730769,19,19,1,13,0.6842105,19,1,11,0.5789474
RM3,SALFORD ROYAL NHS FOUNDATION TRUST,711,380,0.5344585,221,0.5815789,377,0.9921053,251,0.6657825,258,60,0.2325581,38,0.6333333,60,1,35,0.5833333,224,141,0.6294643,90,0.6382979,139,0.9858156,94,0.676259,229,179,0.7816594,93,0.5195531,178,0.9944134,122,0.6853933,0,0,0,0,0,0,0,0,0
RNZ,SALISBURY NHS FOUNDATION TRUST,966,720,0.7453416,419,0.5819444,719,0.9986111,520,0.7232267,371,143,0.3854447,43,0.3006993,143,1,80,0.5594406,258,273,1.0581395,172,0.6300366,272,0.996337,212,0.7794118,245,260,1.0612245,161,0.6192308,260,1,194,0.7461538,92,44,0.4782609,43,0.9772727,44,1,34,0.7727273
RXK,SANDWELL AND WEST BIRMINGHAM HOSPITALS NHS TRUST,1200,892,0.7433333,849,0.9517937,887,0.9943946,601,0.6775648,335,212,0.6328358,204,0.9622642,211,0.995283,130,0.6161137,265,232,0.8754717,217,0.9353448,230,0.9913793,180,0.7826087,354,286,0.8079096,268,0.9370629,284,0.993007,217,0.7640845,246,162,0.6585366,160,0.9876543,162,1,74,0.4567901
RCU,SHEFFIELD CHILDREN'S NHS FOUNDATION TRUST,0,0,0,0,0,0,0,0,0,*,0,*,0,0,0,0,0,0,0,0,0,0,0,0,0,0,0,0,0,0,0,0,0,0,0,0,0,0,0,0,0,0,0,0,0
RHQ,SHEFFIELD TEACHING HOSPITALS NHS FOUNDATION TRUST,2379,1760,0.7398066,1376,0.7818182,1748,0.9931818,1177,0.673341,527,293,0.5559772,207,0.7064846,291,0.9931741,193,0.6632302,684,529,0.7733918,435,0.8223062,527,0.9962193,365,0.6925996,771,671,0.8702983,490,0.7302534,667,0.9940387,466,0.6986507,397,267,0.6725441,244,0.9138577,263,0.9850187,153,0.581749
NTPH1,SHEPTON MALLET NHS TREATMENT CENTRE,1057,1055,0.9981079,869,0.8236967,1051,0.9962085,886,0.8430067,345,307,0.8898551,284,0.9250814,307,1,234,0.762215,428,399,0.932243,320,0.802005,397,0.9949875,348,0.8765743,284,349,1.2288732,265,0.7593123,347,0.9942693,304,0.8760807,0,0,0,0,0,0,0,0,0
RK5,SHERWOOD FOREST HOSPITALS NHS FOUNDATION TRUST,1433,1397,0.9748779,1096,0.7845383,1389,0.9942734,887,0.6385889,413,375,0.9079903,293,0.7813333,374,0.9973333,238,0.6363636,337,363,1.0771513,278,0.7658402,361,0.9944904,237,0.6565097,465,498,1.0709677,377,0.7570281,496,0.9959839,319,0.6431452,218,161,0.7385321,148,0.9192547,158,0.9813665,93,0.5886076
RXW,SHREWSBURY AND TELFORD HOSPITAL NHS TRUST,1185,891,0.7518987,620,0.6958474,890,0.9988777,593,0.6662921,516,342,0.6627907,252,0.7368421,342,1,230,0.6725146,197,221,1.1218274,161,0.7285068,220,0.9954751,150,0.6818182,182,216,1.1868132,145,0.6712963,216,1,162,0.75,290,112,0.3862069,62,0.5535714,112,1,51,0.4553571
NFH01,SOMERSET SURGICAL SERVICES,23,0,0,0,0,0,0,0,0,0,0,0,0,0,0,0,0,0,14,0,0,0,0,0,0,0,0,9,0,0,0,0,0,0,0,0,0,0,0,0,0,0,0,0,0
RTR,SOUTH TEES HOSPITALS NHS FOUNDATION TRUST,2155,1838,0.8529002,1472,0.8008705,1831,0.9961915,1364,0.7449481,437,131,0.2997712,114,0.870229,131,1,97,0.740458,617,675,1.0940032,548,0.8118519,672,0.9955556,511,0.7604167,781,960,1.2291933,750,0.78125,957,0.996875,716,0.7481714,320,72,0.225,60,0.8333333,71,0.9861111,40,0.5633803
RE9,SOUTH TYNESIDE NHS FOUNDATION TRUST,373,332,0.8900804,266,0.8012048,331,0.996988,215,0.6495468,173,151,0.8728324,125,0.8278146,150,0.9933775,85,0.5666667,98,76,0.7755102,64,0.8421053,76,1,55,0.7236842,102,105,1.0294118,77,0.7333333,105,1,75,0.7142857,0,0,0,0,0,0,0,0,0
RJC,SOUTH WARWICKSHIRE NHS FOUNDATION TRUST,1152,1213,1.0529514,954,0.7864798,1208,0.995878,913,0.7557947,297,243,0.8181818,222,0.9135802,242,0.9958848,176,0.7272727,396,408,1.030303,363,0.8897059,405,0.9926471,316,0.7802469,366,501,1.3688525,315,0.6287425,500,0.998004,388,0.776,93,61,0.655914,54,0.8852459,61,1,33,0.5409836
NTP11,SOUTHAMPTON NHS TREATMENT CENTRE,834,664,0.7961631,581,0.875,662,0.996988,492,0.7432024,347,166,0.4783862,141,0.8493976,166,1,111,0.6686747,163,171,1.0490798,148,0.8654971,170,0.994152,122,0.7176471,259,282,1.0888031,251,0.8900709,281,0.9964539,233,0.8291815,65,45,0.6923077,41,0.9111111,45,1,26,0.5777778
RAJ,SOUTHEND UNIVERSITY HOSPITAL NHS FOUNDATION TRUST,1145,926,0.8087336,382,0.412527,595,0.6425486,387,0.6504202,276,108,0.3913043,87,0.8055556,108,1,70,0.6481481,283,367,1.2968198,147,0.400545,227,0.6185286,147,0.6475771,273,451,1.6520147,148,0.3281596,260,0.5764967,170,0.6538462,313,0,0,0,0,0,0,0,0
RW1,SOUTHERN HEALTH NHS FOUNDATION TRUST,166,129,0.7771084,120,0.9302326,129,1,98,0.7596899,166,129,0.7771084,120,0.9302326,129,1,98,0.7596899,0,0,0,0,0,0,0,0,0,0,0,0,0,0,0,0,0,0,0,0,0,0,0,0,0,0,0
D82099,SOUTHGATES SURGICAL & MEDICAL CENTRE,0,18,0,0,0,18,1,14,0.7777778,0,18,0,0,0,18,1,14,0.7777778,0,0,0,0,0,0,0,0,0,0,0,0,0,0,0,0,0,0,0,0,0,0,0,0,0,0,0
RVY,SOUTHPORT AND ORMSKIRK HOSPITAL NHS TRUST,810,633,0.7814815,466,0.7361769,633,1,445,0.7030016,218,178,0.8165138,136,0.7640449,178,1,119,0.6685393,204,176,0.8627451,133,0.7556818,176,1,132,0.75,208,215,1.0336538,149,0.6930233,215,1,155,0.7209302,180,64,0.3555556,48,0.75,64,1,39,0.609375
NT312,SPIRE ALEXANDRA HOSPITAL,275,219,0.7963636,184,0.8401826,219,1,179,0.8173516,54,32,0.5925926,18,0.5625,32,1,21,0.65625,88,71,0.8068182,63,0.8873239,71,1,63,0.8873239,133,116,0.8721805,103,0.887931,116,1,95,0.8189655,0,0,0,0,0,0,0,0,0
NT302,SPIRE BRISTOL HOSPITAL,269,608,2.260223,469,0.7713816,608,1,508,0.8355263,0,0,0,0,0,0,0,0,0,128,258,2.015625,243,0.9418605,258,1,215,0.8333333,141,350,2.4822695,226,0.6457143,350,1,293,0.8371429,0,0,0,0,0,0,0,0,0
NT315,SPIRE BUSHEY HOSPITAL,111,152,1.3693694,136,0.8947368,152,1,116,0.7631579,45,0,0,0,0,0,0,0,0,32,57,1.78125,56,0.9824561,57,1,46,0.8070175,34,95,2.7941176,80,0.8421053,95,1,70,0.7368421,0,0,0,0,0,0,0,0,0
NT317,SPIRE CAMBRIDGE LEA HOSPITAL,244,205,0.8401639,195,0.9512195,205,1,174,0.8487805,41,37,0.902439,36,0.972973,37,1,31,0.8378378,116,77,0.6637931,74,0.961039,77,1,67,0.8701299,87,91,1.045977,85,0.9340659,91,1,76,0.8351648,0,0,0,0,0,0,0,0,0
NT324,SPIRE CHESHIRE HOSPITAL,501,312,0.6227545,269,0.8621795,312,1,261,0.8365385,120,53,0.4416667,50,0.9433962,53,1,44,0.8301887,114,93,0.8157895,84,0.9032258,93,1,82,0.8817204,164,152,0.9268293,121,0.7960526,152,1,125,0.8223684,103,14,0.1359223,14,1,14,1,10,0.7142857
NT345,SPIRE CLARE PARK HOSPITAL,168,142,0.8452381,112,0.7887324,141,0.9929577,113,0.8014184,43,0,0,0,0,0,0,0,0,72,78,1.0833333,65,0.8333333,78,1,64,0.8205128,53,64,1.2075472,47,0.734375,63,0.984375,49,0.7777778,0,0,0,0,0,0,0,0,0
NT344,SPIRE DUNEDIN HOSPITAL,141,128,0.9078014,126,0.984375,128,1,102,0.796875,64,54,0.84375,53,0.9814815,54,1,42,0.7777778,33,32,0.969697,32,1,32,1,28,0.875,44,42,0.9545455,41,0.9761905,42,1,32,0.7619048,0,0,0,0,0,0,0,0,0
NT348,SPIRE ELLAND HOSPITAL,588,325,0.5527211,274,0.8430769,324,0.9969231,266,0.8209877,151,110,0.7284768,76,0.6909091,110,1,75,0.6818182,158,73,0.4620253,68,0.9315068,72,0.9863014,61,0.8472222,201,118,0.5870647,106,0.8983051,118,1,108,0.9152542,78,24,0.3076923,24,1,24,1,22,0.9166667
NT347,SPIRE FYLDE COAST HOSPITAL,688,302,0.4389535,246,0.8145695,301,0.9966887,220,0.730897,195,33,0.1692308,22,0.6666667,33,1,23,0.6969697,163,124,0.7607362,100,0.8064516,124,1,95,0.766129,189,136,0.7195767,115,0.8455882,136,1,98,0.7205882,141,9,0.0638298,9,1,8,0.8888889,4,0.5
NT308,SPIRE GATWICK PARK HOSPITAL,158,365,2.3101266,99,0.2712329,365,1,276,0.7561644,54,33,0.6111111,17,0.5151515,33,1,22,0.6666667,56,150,2.6785714,42,0.28,150,1,118,0.7866667,48,182,3.7916667,40,0.2197802,182,1,136,0.7472527,0,0,0,0,0,0,0,0,0
NT316,SPIRE HARPENDEN HOSPITAL,353,237,0.6713881,200,0.8438819,236,0.9957806,193,0.8177966,49,0,0,0,0,0,0,0,0,133,102,0.7669173,84,0.8235294,102,1,84,0.8235294,171,135,0.7894737,116,0.8592593,134,0.9925926,109,0.8134328,0,0,0,0,0,0,0,0,0
NT319,SPIRE HARTSWOOD HOSPITAL,193,147,0.761658,92,0.6258503,147,1,103,0.7006803,70,53,0.7571429,31,0.5849057,53,1,35,0.6603774,52,29,0.5576923,26,0.8965517,29,1,22,0.7586207,71,65,0.915493,35,0.5384615,65,1,46,0.7076923,0,0,0,0,0,0,0,0,0
NT351,SPIRE HULL AND EAST RIDING HOSPITAL,872,901,1.0332569,848,0.9411765,900,0.9988901,722,0.8022222,169,142,0.8402367,135,0.9507042,142,1,97,0.6830986,349,345,0.9885387,336,0.973913,345,1,286,0.8289855,354,414,1.1694915,377,0.910628,413,0.9975845,339,0.8208232,0,0,0,0,0,0,0,0,0
NT332,SPIRE LEEDS HOSPITAL,473,462,0.9767442,410,0.8874459,462,1,352,0.7619048,145,153,1.0551724,112,0.7320261,153,1,95,0.620915,143,130,0.9090909,126,0.9692308,130,1,110,0.8461538,185,179,0.9675676,172,0.9608939,179,1,147,0.8212291,0,0,0,0,0,0,0,0,0
NT322,SPIRE LEICESTER HOSPITAL,455,521,1.1450549,453,0.8694818,520,0.9980806,434,0.8346154,165,137,0.830303,131,0.9562044,137,1,96,0.7007299,125,154,1.232,138,0.8961039,153,0.9935065,139,0.9084967,165,230,1.3939394,184,0.8,230,1,199,0.8652174,0,0,0,0,0,0,0,0,0
NT321,SPIRE LITTLE ASTON HOSPITAL,438,500,1.1415525,449,0.898,500,1,387,0.774,77,91,1.1818182,75,0.8241758,91,1,62,0.6813187,150,151,1.0066667,148,0.9801325,151,1,123,0.8145695,211,258,1.2227488,226,0.875969,258,1,202,0.7829457,0,0,0,0,0,0,0,0,0
NT337,SPIRE LIVERPOOL HOSPITAL,619,282,0.4555735,257,0.9113475,282,1,225,0.7978723,196,0,0,0,0,0,0,0,0,133,91,0.6842105,85,0.9340659,91,1,73,0.8021978,261,191,0.7318008,172,0.9005236,191,1,152,0.7958115,29,0,0,0,0,0,0,0,0
NT327,SPIRE MANCHESTER HOSPITAL,247,159,0.6437247,137,0.8616352,159,1,113,0.7106918,78,16,0.2051282,8,0.5,16,1,11,0.6875,55,55,1,51,0.9272727,55,1,46,0.8363636,80,88,1.1,78,0.8863636,88,1,56,0.6363636,34,0,0,0,0,0,0,0,0
NT350,SPIRE METHLEY PARK HOSPITAL,752,454,0.6037234,401,0.8832599,453,0.9977974,343,0.7571744,192,112,0.5833333,98,0.875,111,0.9910714,74,0.6666667,160,108,0.675,102,0.9444444,108,1,96,0.8888889,263,193,0.7338403,161,0.8341969,193,1,153,0.7927461,137,41,0.2992701,40,0.9756098,41,1,20,0.4878049
NT364,SPIRE MONTEFIORE HOSPITAL,48,150,3.125,21,0.14,150,1,125,0.8333333,*,0,*,0,0,0,0,0,0,21,79,3.7619048,9,0.1139241,79,1,66,0.835443,27,71,2.6296296,12,0.1690141,71,1,59,0.8309859,0,0,0,0,0,0,0,0,0
NT325,SPIRE MURRAYFIELD HOSPITAL,425,419,0.9858824,325,0.7756563,419,1,315,0.75179,116,114,0.9827586,63,0.5526316,114,1,66,0.5789474,97,116,1.1958763,101,0.8706897,116,1,91,0.7844828,132,165,1.25,137,0.830303,165,1,141,0.8545455,80,24,0.3,24,1,24,1,17,0.7083333
NT318,SPIRE NORWICH HOSPITAL,765,787,1.0287582,751,0.9542567,786,0.9987294,679,0.8638677,0,0,0,0,0,0,0,0,0,433,441,1.0184758,428,0.9705215,440,0.9977324,379,0.8613636,332,346,1.0421687,323,0.933526,346,1,300,0.867052,0,0,0,0,0,0,0,0,0
NT320,SPIRE PARKWAY HOSPITAL,411,391,0.9513382,357,0.9130435,391,1,296,0.7570332,83,68,0.8192771,53,0.7794118,68,1,45,0.6617647,141,153,1.0851064,146,0.9542484,153,1,120,0.7843137,187,170,0.9090909,158,0.9294118,170,1,131,0.7705882,0,0,0,0,0,0,0,0,0
NT305,SPIRE PORTSMOUTH HOSPITAL,388,324,0.8350515,269,0.8302469,324,1,274,0.845679,35,16,0.4571429,13,0.8125,16,1,13,0.8125,195,157,0.8051282,139,0.8853503,157,1,135,0.8598726,158,151,0.9556962,117,0.7748344,151,1,126,0.8344371,0,0,0,0,0,0,0,0,0
NT339,SPIRE REGENCY HOSPITAL,276,275,0.9963768,219,0.7963636,275,1,213,0.7745455,136,116,0.8529412,88,0.7586207,116,1,84,0.7241379,64,70,1.09375,59,0.8428571,70,1,54,0.7714286,76,89,1.1710526,72,0.8089888,89,1,75,0.8426966,0,0,0,0,0,0,0,0,0
NT314,SPIRE RODING HOSPITAL,176,99,0.5625,84,0.8484848,99,1,63,0.6363636,76,12,0.1578947,6,0.5,12,1,5,0.4166667,24,25,1.0416667,22,0.88,25,1,18,0.72,76,62,0.8157895,56,0.9032258,62,1,40,0.6451613,0,0,0,0,0,0,0,0,0
NT301,SPIRE SOUTH BANK HOSPITAL,258,312,1.2093023,234,0.75,312,1,233,0.7467949,99,131,1.3232323,85,0.648855,131,1,82,0.6259542,90,108,1.2,86,0.7962963,108,1,86,0.7962963,69,73,1.057971,63,0.8630137,73,1,65,0.890411,*,0,*,0,0,0,0,0,0
NT304,SPIRE SOUTHAMPTON HOSPITAL,407,343,0.8427518,263,0.7667638,343,1,266,0.7755102,95,95,1,61,0.6421053,95,1,58,0.6105263,186,126,0.6774194,117,0.9285714,126,1,104,0.8253968,126,122,0.968254,85,0.6967213,122,1,104,0.852459,0,0,0,0,0,0,0,0,0
NT346,SPIRE ST SAVIOURS HOSPITAL,122,40,0.3278689,31,0.775,40,1,26,0.65,30,15,0.5,9,0.6,15,1,6,0.4,49,14,0.2857143,13,0.9285714,14,1,10,0.7142857,43,11,0.255814,9,0.8181818,11,1,10,0.9090909,0,0,0,0,0,0,0,0,0
NT309,SPIRE SUSSEX HOSPITAL,209,243,1.1626794,223,0.9176955,242,0.9958848,198,0.8181818,26,25,0.9615385,23,0.92,25,1,19,0.76,89,99,1.1123596,96,0.969697,98,0.989899,81,0.8265306,94,119,1.2659574,104,0.8739496,119,1,98,0.8235294,0,0,0,0,0,0,0,0,0
NT343,SPIRE THAMES VALLEY HOSPITAL,46,22,0.4782609,18,0.8181818,22,1,19,0.8636364,15,*,*,*,*,*,*,*,*,15,11,0.7333333,9,0.8181818,11,1,10,0.9090909,16,11,0.6875,9,0.8181818,11,1,9,0.8181818,0,0,0,0,0,0,0,0,0
NT310,SPIRE TUNBRIDGE WELLS HOSPITAL,87,57,0.6551724,23,0.4035088,57,1,43,0.754386,59,14,0.2372881,12,0.8571429,14,1,10,0.7142857,11,20,1.8181818,6,0.3,20,1,15,0.75,17,23,1.3529412,5,0.2173913,23,1,18,0.7826087,0,0,0,0,0,0,0,0,0
NT333,SPIRE WASHINGTON HOSPITAL,1047,279,0.2664756,212,0.7598566,278,0.9964158,190,0.6834532,163,72,0.4417178,31,0.4305556,72,1,41,0.5694444,227,49,0.215859,44,0.8979592,49,1,43,0.877551,332,89,0.2680723,70,0.7865169,89,1,77,0.8651685,325,69,0.2123077,67,0.9710145,68,0.9855072,29,0.4264706
NT313,SPIRE WELLESLEY HOSPITAL,413,436,1.0556901,419,0.9610092,435,0.9977064,334,0.7678161,123,131,1.0650407,121,0.9236641,131,1,90,0.6870229,115,121,1.0521739,119,0.9834711,121,1,101,0.8347107,175,184,1.0514286,179,0.9728261,183,0.9945652,143,0.7814208,0,0,0,0,0,0,0,0,0
NVC18,SPRINGFIELD HOSPITAL,794,918,1.1561713,702,0.7647059,916,0.9978214,683,0.7456332,331,321,0.9697885,236,0.7352025,321,1,221,0.6884735,232,239,1.0301724,220,0.9205021,239,1,197,0.8242678,231,358,1.5497835,246,0.6871508,356,0.9944134,265,0.744382,0,0,0,0,0,0,0,0,0
RJ7,ST GEORGE'S UNIVERSITY HOSPITALS NHS FOUNDATION TRUST,644,375,0.5822981,198,0.528,315,0.84,164,0.5206349,301,196,0.6511628,68,0.3469388,165,0.8418367,81,0.4909091,45,35,0.7777778,27,0.7714286,28,0.8,18,0.6428571,19,39,2.0526316,17,0.4358974,28,0.7179487,14,0.5,279,105,0.3763441,86,0.8190476,94,0.8952381,51,0.5425532
RBN,ST HELENS AND KNOWSLEY HOSPITAL SERVICES NHS TRUST,1183,976,0.8250211,809,0.8288934,971,0.994877,640,0.6591143,383,265,0.691906,223,0.8415094,263,0.9924528,182,0.6920152,274,252,0.919708,210,0.8333333,251,0.9960317,157,0.625498,369,379,1.0271003,297,0.7836412,377,0.994723,261,0.6923077,157,80,0.5095541,79,0.9875,80,1,40,0.5
NTE02,ST HUGH'S HOSPITAL,623,198,0.317817,162,0.8181818,198,1,163,0.8232323,124,55,0.4435484,34,0.6181818,55,1,42,0.7636364,218,66,0.3027523,58,0.8787879,66,1,58,0.8787879,281,77,0.2740214,70,0.9090909,77,1,63,0.8181818,0,0,0,0,0,0,0,0,0
NTPAD,ST MARY'S NHS TREATMENT CENTRE,240,223,0.9291667,203,0.9103139,222,0.9955157,158,0.7117117,240,223,0.9291667,203,0.9103139,222,0.9955157,158,0.7117117,0,0,0,0,0,0,0,0,0,0,0,0,0,0,0,0,0,0,0,0,0,0,0,0,0,0,0
D82008,ST STEPHEN'S GATE M/PRACT,0,51,0,0,0,51,1,39,0.7647059,0,51,0,0,0,51,1,39,0.7647059,0,0,0,0,0,0,0,0,0,0,0,0,0,0,0,0,0,0,0,0,0,0,0,0,0,0,0
RWJ,STOCKPORT NHS FOUNDATION TRUST,1122,1089,0.9705882,669,0.6143251,1084,0.9954086,754,0.695572,333,270,0.8108108,213,0.7888889,270,1,171,0.6333333,417,381,0.9136691,243,0.6377953,379,0.9947507,276,0.7282322,372,438,1.1774194,213,0.4863014,435,0.9931507,307,0.7057471,0,0,0,0,0,0,0,0,0
RTP,SURREY AND SUSSEX HEALTHCARE NHS TRUST,1049,1146,1.092469,580,0.5061082,1145,0.9991274,688,0.6008734,411,582,1.4160584,247,0.4243986,581,0.9982818,308,0.5301205,196,214,1.0918367,112,0.5233645,214,1,139,0.6495327,300,275,0.9166667,159,0.5781818,275,1,195,0.7090909,142,75,0.528169,62,0.8266667,75,1,46,0.6133333
AJX,SUSSEX MSK PARTNERSHIP 2,373,0,0,0,0,0,0,0,0,0,0,0,0,0,0,0,0,0,162,0,0,0,0,0,0,0,0,211,0,0,0,0,0,0,0,0,0,0,0,0,0,0,0,0,0
RMP,TAMESIDE AND GLOSSOP INTEGRATED CARE NHS FOUNDATION TRUST,878,609,0.6936219,438,0.7192118,606,0.9950739,359,0.5924092,288,152,0.5277778,77,0.5065789,150,0.9868421,74,0.4933333,161,135,0.8385093,116,0.8592593,134,0.9925926,102,0.761194,263,244,0.9277567,170,0.6967213,244,1,146,0.5983607,166,78,0.4698795,75,0.9615385,78,1,37,0.474359
RBA,TAUNTON AND SOMERSET NHS FOUNDATION TRUST,1291,762,0.5902401,633,0.8307087,760,0.9973753,562,0.7394737,368,304,0.826087,204,0.6710526,303,0.9967105,213,0.7029703,372,184,0.4946237,172,0.9347826,184,1,135,0.7336957,286,143,0.5,135,0.9440559,143,1,121,0.8461538,265,131,0.4943396,122,0.9312977,130,0.9923664,93,0.7153846
NVC35,TEES VALLEY TREATMENT CENTRE,188,104,0.5531915,87,0.8365385,104,1,69,0.6634615,155,94,0.6064516,78,0.8297872,94,1,62,0.6595745,0,0,0,0,0,0,0,0,0,0,0,0,0,0,0,0,0,0,33,10,0.3030303,9,0.9,10,1,7,0.7
NVC02,THE BERKSHIRE INDEPENDENT HOSPITAL,243,252,1.037037,192,0.7619048,251,0.9960317,192,0.7649402,93,99,1.0645161,68,0.6868687,99,1,72,0.7272727,56,47,0.8392857,45,0.9574468,47,1,41,0.8723404,94,106,1.1276596,79,0.745283,105,0.990566,79,0.752381,0,0,0,0,0,0,0,0,0
RBV,THE CHRISTIE NHS FOUNDATION TRUST,6,0,0,0,0,0,0,0,0,6,0,0,0,0,0,0,0,0,0,0,0,0,0,0,0,0,0,0,0,0,0,0,0,0,0,0,0,0,0,0,0,0,0,0,0
RNA,THE DUDLEY GROUP NHS FOUNDATION TRUST,1498,1425,0.9512684,1191,0.8357895,1418,0.9950877,985,0.6946403,299,266,0.8896321,179,0.6729323,265,0.9962406,157,0.5924528,361,421,1.166205,372,0.8836105,421,1,322,0.7648456,451,542,1.2017738,450,0.8302583,538,0.9926199,387,0.7193309,387,196,0.5064599,190,0.9693878,194,0.9897959,119,0.6134021
RAS,THE HILLINGDON HOSPITALS NHS FOUNDATION TRUST,1058,605,0.5718336,456,0.753719,605,1,423,0.6991736,274,33,0.120438,19,0.5757576,33,1,15,0.4545455,269,246,0.9144981,204,0.8292683,246,1,178,0.7235772,361,314,0.8698061,226,0.7197452,314,1,223,0.7101911,154,12,0.0779221,7,0.5833333,12,1,7,0.5833333
NXM01,THE HORDER CENTRE - ST JOHNS ROAD,1987,2133,1.0734776,1900,0.8907642,2124,0.9957806,1736,0.8173258,0,0,0,0,0,0,0,0,0,964,987,1.0238589,910,0.9219858,984,0.9969605,826,0.8394309,1023,1146,1.1202346,990,0.8638743,1140,0.9947644,910,0.7982456,0,0,0,0,0,0,0,0,0
NXM04,THE MCINDOE CENTRE,0,0,0,0,0,0,0,0,0,0,0,0,0,0,0,0,0,0,0,0,0,0,0,0,0,0,0,0,*,*,0,*,0,*,0,*,0,0,0,0,0,0,0,0,0
RTD,THE NEWCASTLE UPON TYNE HOSPITALS NHS FOUNDATION TRUST,2743,1524,0.5555961,1098,0.7204724,1523,0.9993438,989,0.6493762,436,111,0.2545872,55,0.4954955,111,1,69,0.6216216,662,457,0.6903323,349,0.7636761,457,1,319,0.6980306,956,663,0.6935146,466,0.7028658,663,1,428,0.6455505,689,293,0.425254,228,0.778157,292,0.996587,173,0.5924658
RQW,THE PRINCESS ALEXANDRA HOSPITAL NHS TRUST,817,609,0.74541,535,0.8784893,603,0.9901478,436,0.7230514,187,82,0.4385027,76,0.9268293,82,1,52,0.6341463,250,227,0.908,207,0.9118943,223,0.9823789,171,0.7668161,250,251,1.004,209,0.8326693,249,0.9920319,187,0.751004,130,49,0.3769231,43,0.877551,49,1,26,0.5306122
RCX,"THE QUEEN ELIZABETH HOSPITAL, KING'S LYNN, NHS FOUNDATION TRUST",1001,570,0.5694306,443,0.777193,569,0.9982456,447,0.7855888,309,67,0.2168285,54,0.8059701,67,1,49,0.7313433,291,220,0.7560137,195,0.8863636,219,0.9954545,176,0.803653,263,264,1.0038023,183,0.6931818,264,1,214,0.8106061,138,19,0.1376812,11,0.5789474,19,1,8,0.4210526
RL1,THE ROBERT JONES AND AGNES HUNT ORTHOPAEDIC HOSPITAL NHS FOUNDATION TRUST,2561,2387,0.9320578,2143,0.8977796,2373,0.9941349,2017,0.8499789,0,0,0,0,0,0,0,0,0,1307,1170,0.8951798,1099,0.9393162,1163,0.9940171,982,0.844368,1254,1217,0.9704944,1044,0.8578472,1210,0.9942482,1035,0.8553719,*,0,*,0,0,0,0,0,0
RFR,THE ROTHERHAM NHS FOUNDATION TRUST,1043,896,0.8590604,599,0.6685268,893,0.9966518,584,0.6539754,329,226,0.6869301,122,0.539823,225,0.9955752,112,0.4977778,327,282,0.8623853,219,0.7765957,281,0.9964539,202,0.7188612,387,388,1.002584,258,0.6649485,387,0.9974227,270,0.6976744,0,0,0,0,0,0,0,0,0
RDZ,THE ROYAL BOURNEMOUTH AND CHRISTCHURCH HOSPITALS NHS FOUNDATION TRUST,2287,839,0.3668561,495,0.5899881,838,0.9988081,595,0.7100239,368,85,0.2309783,50,0.5882353,85,1,47,0.5529412,822,400,0.486618,228,0.57,400,1,287,0.7175,808,348,0.4306931,212,0.6091954,347,0.9971264,256,0.7377522,289,6,0.0207612,5,0.8333333,6,1,5,0.8333333
RPY,THE ROYAL MARSDEN NHS FOUNDATION TRUST,0,0,0,0,0,0,0,0,0,*,0,*,0,0,0,0,0,0,0,0,0,0,0,0,0,0,0,0,0,0,0,0,0,0,0,0,0,0,0,0,0,0,0,0,0
RRJ,THE ROYAL ORTHOPAEDIC HOSPITAL NHS FOUNDATION TRUST,2279,2880,1.2637122,2683,0.9315972,1412,0.4902778,1244,0.8810198,0,0,0,0,0,0,0,0,0,1296,1629,1.2569444,1574,0.966237,835,0.5125844,726,0.8694611,983,1251,1.2726348,1109,0.8864908,577,0.461231,518,0.897747,0,0,0,0,0,0,0,0,0
RL4,THE ROYAL WOLVERHAMPTON NHS TRUST,1556,1472,0.9460154,1125,0.7642663,1467,0.9966033,982,0.6693933,371,365,0.9838275,269,0.7369863,365,1,213,0.5835616,424,456,1.0754717,358,0.7850877,456,1,337,0.7390351,488,536,1.0983607,393,0.733209,531,0.9906716,371,0.6986817,273,115,0.4212454,105,0.9130435,115,1,61,0.5304348
NN801,THE SPENCER WING (RAMSGATE ROAD),80,232,2.9,40,0.1724138,231,0.9956897,183,0.7922078,*,46,*,2,0.0434783,46,1,35,0.7608696,23,69,3,6,0.0869565,69,1,52,0.7536232,57,117,2.0526316,32,0.2735043,116,0.991453,96,0.8275862,0,0,0,0,0,0,0,0,0
NVC44,THE WESTBOURNE CENTRE,40,0,0,0,0,0,0,0,0,10,0,0,0,0,0,0,0,0,0,0,0,0,0,0,0,0,0,0,0,0,0,0,0,0,0,0,30,*,*,*,*,*,*,0,*
RKE,THE WHITTINGTON HOSPITAL NHS TRUST,601,391,0.6505824,281,0.7186701,338,0.8644501,208,0.6153846,288,154,0.5347222,98,0.6363636,132,0.8571429,69,0.5227273,174,117,0.6724138,100,0.8547009,107,0.9145299,75,0.7009346,122,114,0.9344262,79,0.6929825,95,0.8333333,62,0.6526316,17,6,0.3529412,4,0.6666667,4,0.6666667,2,0.5
NVC20,THE YORKSHIRE CLINIC,1068,894,0.8370787,772,0.8635347,890,0.9955257,674,0.7573034,413,335,0.811138,283,0.8447761,335,1,223,0.6656716,295,244,0.8271186,228,0.9344262,243,0.9959016,197,0.8106996,360,315,0.875,261,0.8285714,312,0.9904762,254,0.8141026,0,0,0,0,0,0,0,0,0
RA9,TORBAY AND SOUTH DEVON NHS FOUNDATION TRUST,1161,869,0.7484927,590,0.6789413,867,0.9976985,607,0.7001153,348,45,0.1293103,26,0.5777778,45,1,28,0.6222222,366,379,1.0355191,279,0.7361478,378,0.9973615,270,0.7142857,329,437,1.3282675,277,0.6338673,436,0.9977117,304,0.6972477,118,8,0.0677966,8,1,8,1,5,0.625
NN501,TRAFFORD GENERAL HOSPITAL,11,0,0,0,0,0,0,0,0,11,0,0,0,0,0,0,0,0,0,0,0,0,0,0,0,0,0,*,0,*,0,0,0,0,0,0,0,0,0,0,0,0,0,0,0
NN401,TYNESIDE SURGICAL SERVICES,106,23,0.2169811,16,0.6956522,23,1,17,0.7391304,18,*,*,*,*,*,*,*,*,31,9,0.2903226,6,0.6666667,9,1,6,0.6666667,41,14,0.3414634,10,0.7142857,14,1,11,0.7857143,16,0,0,0,0,0,0,0,0
RWD,UNITED LINCOLNSHIRE HOSPITALS NHS TRUST,1942,1244,0.6405767,1007,0.8094855,1243,0.9991961,887,0.7135961,452,212,0.4690265,181,0.8537736,211,0.995283,132,0.6255924,594,435,0.7323232,352,0.8091954,435,1,338,0.7770115,699,495,0.7081545,382,0.7717172,495,1,365,0.7373737,197,102,0.5177665,92,0.9019608,102,1,52,0.5098039
RRV,UNIVERSITY COLLEGE LONDON HOSPITALS NHS FOUNDATION TRUST,1166,912,0.7821612,791,0.8673246,842,0.9232456,496,0.5890736,238,177,0.7436975,152,0.8587571,167,0.9435028,102,0.6107784,313,256,0.8178914,237,0.9257813,239,0.9335938,158,0.6610879,279,266,0.953405,219,0.8233083,236,0.887218,154,0.6525424,336,213,0.6339286,183,0.8591549,200,0.9389671,82,0.41
RM2,UNIVERSITY HOSPITAL OF SOUTH MANCHESTER NHS FOUNDATION TRUST,998,892,0.8937876,651,0.7298206,887,0.9943946,579,0.6527621,206,323,1.5679612,169,0.5232198,322,0.996904,177,0.5496894,238,199,0.8361345,175,0.879397,199,1,153,0.7688442,212,204,0.9622642,158,0.7745098,203,0.995098,149,0.7339901,342,166,0.4853801,149,0.8975904,163,0.9819277,100,0.6134969
RHM,UNIVERSITY HOSPITAL SOUTHAMPTON NHS FOUNDATION TRUST,947,850,0.8975713,552,0.6494118,730,0.8588235,482,0.660274,85,58,0.6823529,31,0.5344828,50,0.862069,31,0.62,451,393,0.8713969,294,0.7480916,341,0.8676845,229,0.6715543,384,399,1.0390625,227,0.5689223,339,0.8496241,222,0.6548673,27,0,0,0,0,0,0,0,0
RRK,UNIVERSITY HOSPITALS BIRMINGHAM NHS FOUNDATION TRUST,1233,396,0.3211679,326,0.8232323,394,0.9949495,246,0.6243655,416,282,0.6778846,239,0.8475177,281,0.9964539,183,0.6512456,14,0,0,0,0,0,0,0,0,0,0,0,0,0,0,0,0,0,803,114,0.1419676,87,0.7631579,113,0.9912281,63,0.5575221
RA7,UNIVERSITY HOSPITALS BRISTOL NHS FOUNDATION TRUST,149,65,0.4362416,23,0.3538462,65,1,35,0.5384615,149,65,0.4362416,23,0.3538462,65,1,35,0.5384615,*,0,*,0,0,0,0,0,0,*,0,*,0,0,0,0,0,0,0,0,0,0,0,0,0,0,0
RKB,UNIVERSITY HOSPITALS COVENTRY AND WARWICKSHIRE NHS TRUST,1959,1453,0.741705,823,0.5664143,1449,0.9972471,974,0.6721877,423,148,0.3498818,82,0.5540541,148,1,86,0.5810811,635,590,0.9291339,361,0.6118644,588,0.9966102,424,0.7210884,752,715,0.9507979,380,0.5314685,713,0.9972028,464,0.6507714,149,*,*,*,*,*,*,*,*
RWE,UNIVERSITY HOSPITALS OF LEICESTER NHS TRUST,2968,2157,0.726752,1816,0.8419101,2131,0.9879462,1613,0.7569216,904,266,0.2942478,220,0.8270677,266,1,181,0.6804511,841,761,0.9048751,689,0.9053876,755,0.9921156,587,0.7774834,1113,1092,0.9811321,887,0.8122711,1072,0.981685,830,0.7742537,110,38,0.3454545,20,0.5263158,38,1,15,0.3947368
RTX,UNIVERSITY HOSPITALS OF MORECAMBE BAY NHS FOUNDATION TRUST,1905,1577,0.8278215,1125,0.7133798,1567,0.9936588,1120,0.7147415,585,341,0.582906,223,0.6539589,341,1,244,0.7155425,607,570,0.9390445,423,0.7421053,564,0.9894737,406,0.7198582,704,666,0.9460227,479,0.7192192,662,0.993994,470,0.7099698,9,0,0,0,0,0,0,0,0
RJE,UNIVERSITY HOSPITALS OF NORTH MIDLANDS NHS TRUST,2033,1243,0.6114117,836,0.6725664,1236,0.9943685,806,0.6521036,501,131,0.261477,109,0.8320611,130,0.9923664,81,0.6230769,519,483,0.9306358,320,0.6625259,480,0.9937888,318,0.6625,555,617,1.1117117,397,0.643436,614,0.9951378,400,0.6514658,458,12,0.0262009,10,0.8333333,12,1,7,0.5833333
RBK,WALSALL HEALTHCARE NHS TRUST,846,632,0.7470449,534,0.8449367,632,1,412,0.6518987,252,136,0.5396825,118,0.8676471,136,1,86,0.6323529,192,146,0.7604167,135,0.9246575,146,1,106,0.7260274,285,253,0.8877193,197,0.7786561,253,1,174,0.687747,117,97,0.8290598,84,0.8659794,97,1,46,0.4742268
RWW,WARRINGTON AND HALTON HOSPITALS NHS FOUNDATION TRUST,1376,722,0.5247093,601,0.83241,713,0.9875346,552,0.7741935,307,58,0.1889251,35,0.6034483,57,0.9827586,32,0.5614035,362,294,0.8121547,255,0.8673469,289,0.9829932,230,0.7958478,385,357,0.9272727,300,0.8403361,354,0.9915966,285,0.8050847,322,13,0.0403727,11,0.8461538,13,1,5,0.3846154
RWG,WEST HERTFORDSHIRE HOSPITALS NHS TRUST,1611,1671,1.0372439,1134,0.6786355,1661,0.9940156,1044,0.628537,455,426,0.9362637,321,0.7535211,426,1,264,0.6197183,400,424,1.06,283,0.6674528,418,0.9858491,289,0.6913876,489,617,1.2617587,373,0.6045381,615,0.9967585,390,0.6341463,267,204,0.7640449,157,0.7696078,202,0.9901961,101,0.5
RFW,WEST MIDDLESEX UNIVERSITY HOSPITAL NHS TRUST,0,295,0,209,0.7084746,253,0.8576271,153,0.6047431,0,23,0,16,0.6956522,22,0.9565217,6,0.2727273,0,105,0,75,0.7142857,88,0.8380952,63,0.7159091,0,167,0,118,0.7065868,143,0.8562874,84,0.5874126,0,0,0,0,0,0,0,0,0
NVC21,WEST MIDLANDS HOSPITAL,466,208,0.4463519,192,0.9230769,208,1,171,0.8221154,202,47,0.2326733,38,0.8085106,47,1,29,0.6170213,137,82,0.5985401,80,0.9756098,82,1,74,0.902439,127,79,0.6220472,74,0.9367089,79,1,68,0.8607595,0,0,0,0,0,0,0,0,0
RGR,WEST SUFFOLK NHS FOUNDATION TRUST,1490,1059,0.7107383,839,0.7922568,1058,0.9990557,825,0.7797732,408,268,0.6568627,218,0.8134328,267,0.9962687,184,0.6891386,442,431,0.9751131,379,0.8793503,431,1,357,0.8283063,288,331,1.1493056,213,0.6435045,331,1,264,0.7975831,352,29,0.0823864,29,1,29,1,20,0.6896552
RYR,WESTERN SUSSEX HOSPITALS NHS FOUNDATION TRUST,2107,1305,0.619364,1070,0.8199234,1303,0.9984674,965,0.7405986,627,125,0.199362,88,0.704,124,0.992,82,0.6612903,600,451,0.7516667,399,0.8847007,450,0.9977827,329,0.7311111,711,729,1.0253165,583,0.7997257,729,1,554,0.7599451,169,*,*,*,*,*,*,*,*
RA3,WESTON AREA HEALTH NHS TRUST,469,284,0.6055437,230,0.8098592,282,0.9929577,214,0.7588652,117,21,0.1794872,18,0.8571429,21,1,18,0.8571429,201,136,0.6766169,121,0.8897059,135,0.9926471,99,0.7333333,151,127,0.8410596,91,0.7165354,126,0.992126,97,0.7698413,0,0,0,0,0,0,0,0,0
NXP17,WHITE HORSE HEALTH CENTRE - IHG,0,96,0,0,0,95,0.9895833,72,0.7578947,0,96,0,0,0,95,0.9895833,72,0.7578947,0,0,0,0,0,0,0,0,0,0,0,0,0,0,0,0,0,0,0,0,0,0,0,0,0,0,0
NTP16,WILL ADAMS NHS TREATMENT CENTRE,134,81,0.6044776,76,0.9382716,81,1,52,0.6419753,76,45,0.5921053,42,0.9333333,45,1,29,0.6444444,0,0,0,0,0,0,0,0,0,0,0,0,0,0,0,0,0,0,58,36,0.6206897,34,0.9444444,36,1,23,0.6388889
NVC22,WINFIELD HOSPITAL,339,361,1.0648968,259,0.7174515,360,0.9972299,283,0.7861111,105,105,1,71,0.6761905,105,1,69,0.6571429,151,145,0.9602649,120,0.8275862,144,0.9931034,125,0.8680556,83,111,1.3373494,68,0.6126126,111,1,89,0.8018018,0,0,0,0,0,0,0,0,0
RBL,WIRRAL UNIVERSITY TEACHING HOSPITAL NHS FOUNDATION TRUST,1577,1320,0.8370323,947,0.7174242,1280,0.969697,884,0.690625,435,136,0.3126437,112,0.8235294,136,1,85,0.625,439,457,1.0410023,344,0.7527352,445,0.9737418,318,0.7146067,509,639,1.2554028,413,0.6463224,612,0.9577465,426,0.6960784,194,88,0.4536082,78,0.8863636,87,0.9886364,55,0.6321839
NVC23,WOODLAND HOSPITAL,766,557,0.727154,462,0.8294434,555,0.9964093,448,0.8072072,157,52,0.3312102,31,0.5961538,52,1,40,0.7692308,229,190,0.8296943,168,0.8842105,188,0.9894737,161,0.856383,380,315,0.8289474,263,0.8349206,315,1,247,0.784127,0,0,0,0,0,0,0,0,0
NVC40,WOODTHORPE HOSPITAL,666,520,0.7807808,437,0.8403846,519,0.9980769,413,0.7957611,196,57,0.2908163,49,0.8596491,57,1,41,0.7192982,189,181,0.957672,161,0.8895028,181,1,150,0.8287293,281,282,1.0035587,227,0.8049645,281,0.9964539,222,0.7900356,*,0,*,0,0,0,0,0,0
RWP,WORCESTERSHIRE ACUTE HOSPITALS NHS TRUST,2227,1258,0.5648855,1013,0.8052464,1254,0.9968203,921,0.7344498,629,275,0.4372019,229,0.8327273,275,1,193,0.7018182,526,354,0.6730038,281,0.7937853,352,0.9943503,275,0.78125,514,407,0.7918288,289,0.7100737,405,0.995086,300,0.7407407,558,222,0.3978495,214,0.963964,222,1,153,0.6891892
RRF,"WRIGHTINGTON, WIGAN AND LEIGH NHS FOUNDATION TRUST",3074,1785,0.5806766,1407,0.7882353,1774,0.9938375,1231,0.6939121,283,193,0.6819788,151,0.7823834,192,0.9948187,102,0.53125,1462,865,0.5916553,700,0.8092486,861,0.9953757,609,0.7073171,1126,720,0.6394316,551,0.7652778,714,0.9916667,516,0.7226891,203,7,0.0344828,5,0.7142857,7,1,4,0.5714286
RLQ,WYE VALLEY NHS TRUST,937,992,1.058698,477,0.4808468,703,0.7086694,492,0.6998578,224,233,1.0401786,139,0.5965665,158,0.6781116,118,0.7468354,249,290,1.1646586,101,0.3482759,181,0.6241379,126,0.6961326,292,363,1.2431507,135,0.3719008,260,0.7162534,180,0.6923077,172,106,0.6162791,102,0.9622642,104,0.9811321,68,0.6538462
RA4,YEOVIL DISTRICT HOSPITAL NHS FOUNDATION TRUST,646,347,0.5371517,239,0.6887608,347,1,254,0.7319885,183,53,0.2896175,45,0.8490566,53,1,41,0.7735849,230,141,0.6130435,103,0.7304965,141,1,101,0.7163121,233,153,0.6566524,91,0.5947712,153,1,112,0.7320261,0,0,0,0,0,0,0,0,0
RCB,YORK TEACHING HOSPITAL NHS FOUNDATION TRUST,2404,2005,0.8340266,1501,0.7486284,1996,0.9955112,1441,0.7219439,709,534,0.7531735,359,0.6722846,532,0.9962547,352,0.6616541,580,652,1.1241379,524,0.803681,649,0.9953988,508,0.7827427,549,686,1.2495446,498,0.7259475,683,0.9956268,501,0.7335286,566,133,0.2349823,120,0.9022556,132,0.9924812,80,0.6060606
